data_file	alias_file	query	dialog_id	query_id	output
movies-w-year.csv	movies-w-year.json	Visualize the distribution of rotten tomatoes rating across all movies	0	0	"{'query_raw': 'Visualize the distribution of rotten tomatoes rating across all movies', 'query': 'visualize the distribution of rotten tomato rating across all movie', 'dataset': '../../assets/data/movies-w-year.csv', 'alias': None, 'visList': [{'attributes': ['Rotten Tomatoes Rating'], 'queryPhrase': None, 'visType': None, 'tasks': ['distribution'], 'inferenceType': 'implicit', 'vlSpec': {'$schema': 'https://vega.github.io/schema/vega-lite/v6.json', 'mark': {'type': 'bar', 'tooltip': True}, 'encoding': {'x': {'field': 'Rotten Tomatoes Rating', 'type': 'quantitative', 'bin': True, 'axis': {'format': 's'}}, 'y': {'field': 'Rotten Tomatoes Rating', 'type': 'quantitative', 'aggregate': 'count', 'axis': {'format': 's'}}}, 'transform': [], 'data': {'url': '../../assets/data/movies-w-year.csv', 'format': {'type': 'csv'}}}}, {'attributes': ['Rotten Tomatoes Rating'], 'queryPhrase': None, 'visType': None, 'tasks': ['distribution'], 'inferenceType': 'implicit', 'vlSpec': {'$schema': 'https://vega.github.io/schema/vega-lite/v6.json', 'mark': {'type': 'tick', 'tooltip': True}, 'encoding': {'x': {'field': 'Rotten Tomatoes Rating', 'type': 'quantitative', 'axis': {'format': 's'}}, 'tooltip': {'field': 'Title'}}, 'transform': [], 'data': {'url': '../../assets/data/movies-w-year.csv', 'format': {'type': 'csv'}}}}, {'attributes': ['Rotten Tomatoes Rating'], 'queryPhrase': None, 'visType': None, 'tasks': ['distribution'], 'inferenceType': 'implicit', 'vlSpec': {'$schema': 'https://vega.github.io/schema/vega-lite/v6.json', 'mark': {'type': 'boxplot', 'tooltip': True}, 'encoding': {'x': {'field': 'Rotten Tomatoes Rating', 'type': 'quantitative', 'axis': {'format': 's'}}, 'tooltip': {'field': 'Title'}}, 'transform': [], 'data': {'url': '../../assets/data/movies-w-year.csv', 'format': {'type': 'csv'}}}}], 'attributeMap': {'Rotten Tomatoes Rating': {'name': 'Rotten Tomatoes Rating', 'queryPhrase': ['rotten tomato rating'], 'inferenceType': 'explicit', 'isAmbiguous': False, 'ambiguity': []}}, 'taskMap': {'distribution': [{'task': 'distribution', 'queryPhrase': [], 'operator': None, 'values': None, 'attributes': ['Rotten Tomatoes Rating'], 'inferenceType': 'implicit', 'followup_type': None}]}, 'followUpQuery': True, 'contextObj': None, 'attributeMapping': {'Rotten Tomatoes Rating': {'rotten tomato rating': 1}}, 'followUpConfidence': None, 'ambiguity': {'attribute': {}, 'value': {}}, 'dialogId': '0', 'queryId': '0'}"
movies-w-year.csv	movies-w-year.json	How about imdb rating?	0	1	"{'query_raw': 'How about imdb rating?', 'query': 'how about imdb rating ?', 'dataset': '../../assets/data/movies-w-year.csv', 'alias': None, 'visList': [{'attributes': ['IMDB Rating'], 'queryPhrase': None, 'visType': None, 'tasks': ['distribution'], 'inferenceType': 'implicit', 'vlSpec': {'$schema': 'https://vega.github.io/schema/vega-lite/v6.json', 'mark': {'type': 'bar', 'tooltip': True}, 'encoding': {'x': {'field': 'IMDB Rating', 'type': 'quantitative', 'bin': True, 'axis': {'format': 's'}}, 'y': {'field': 'IMDB Rating', 'type': 'quantitative', 'aggregate': 'count', 'axis': {'format': 's'}}}, 'transform': [], 'data': {'url': '../../assets/data/movies-w-year.csv', 'format': {'type': 'csv'}}}}, {'attributes': ['IMDB Rating'], 'queryPhrase': None, 'visType': None, 'tasks': ['distribution'], 'inferenceType': 'implicit', 'vlSpec': {'$schema': 'https://vega.github.io/schema/vega-lite/v6.json', 'mark': {'type': 'tick', 'tooltip': True}, 'encoding': {'x': {'field': 'IMDB Rating', 'type': 'quantitative', 'axis': {'format': 's'}}, 'tooltip': {'field': 'Title'}}, 'transform': [], 'data': {'url': '../../assets/data/movies-w-year.csv', 'format': {'type': 'csv'}}}}, {'attributes': ['IMDB Rating'], 'queryPhrase': None, 'visType': None, 'tasks': ['distribution'], 'inferenceType': 'implicit', 'vlSpec': {'$schema': 'https://vega.github.io/schema/vega-lite/v6.json', 'mark': {'type': 'boxplot', 'tooltip': True}, 'encoding': {'x': {'field': 'IMDB Rating', 'type': 'quantitative', 'axis': {'format': 's'}}, 'tooltip': {'field': 'Title'}}, 'transform': [], 'data': {'url': '../../assets/data/movies-w-year.csv', 'format': {'type': 'csv'}}}}], 'attributeMap': {'IMDB Rating': {'name': 'IMDB Rating', 'queryPhrase': ['imdb rating'], 'inferenceType': 'explicit', 'isAmbiguous': False, 'ambiguity': []}}, 'taskMap': {'distribution': [{'task': 'distribution', 'queryPhrase': [], 'operator': None, 'values': None, 'attributes': ['IMDB Rating'], 'inferenceType': 'implicit', 'followup_type': None}]}, 'followUpQuery': True, 'contextObj': None, 'attributeMapping': {'IMDB Rating': {'imdb rating': 1}}, 'followUpConfidence': None, 'ambiguity': {'attribute': {}, 'value': {}}, 'dialogId': '0', 'queryId': '1'}"
movies-w-year.csv	movies-w-year.json	Add content rating to the visualization	0	2	"{'query_raw': 'Add content rating to the visualization', 'query': 'add content rating to the visualization', 'dataset': '../../assets/data/movies-w-year.csv', 'alias': None, 'visList': [{'attributes': ['IMDB Rating', 'Content Rating'], 'queryPhrase': None, 'visType': None, 'tasks': ['derived_value'], 'inferenceType': 'implicit', 'vlSpec': {'$schema': 'https://vega.github.io/schema/vega-lite/v6.json', 'mark': {'type': 'bar', 'tooltip': True}, 'encoding': {'y': {'field': 'IMDB Rating', 'type': 'quantitative', 'aggregate': 'mean', 'axis': {'format': 's'}}, 'x': {'field': 'Content Rating', 'type': 'nominal'}}, 'transform': [], 'data': {'url': '../../assets/data/movies-w-year.csv', 'format': {'type': 'csv'}}}}], 'attributeMap': {'IMDB Rating': {'name': 'IMDB Rating', 'queryPhrase': ['imdb rating'], 'inferenceType': 'explicit', 'isAmbiguous': False, 'ambiguity': []}, 'Content Rating': {'name': 'Content Rating', 'queryPhrase': ['content rating'], 'inferenceType': 'explicit', 'isAmbiguous': False, 'ambiguity': []}}, 'taskMap': {'derived_value': [{'task': 'derived_value', 'queryPhrase': [], 'operator': 'AVG', 'values': None, 'attributes': ['IMDB Rating'], 'inferenceType': 'implicit', 'followup_type': None}]}, 'followUpQuery': True, 'contextObj': None, 'attributeMapping': {'IMDB Rating': {'imdb rating': 1}, 'Content Rating': {'content rating': 1}}, 'followUpConfidence': None, 'ambiguity': {'attribute': {}, 'value': {}}, 'dialogId': '0', 'queryId': '2'}"
movies-w-year.csv	movies-w-year.json	Show the average budget of movies per genre	0	0	"{'query_raw': 'Show the average budget of movies per genre', 'query': 'show the average budget of movie per genre', 'dataset': '../../assets/data/movies-w-year.csv', 'alias': None, 'visList': [{'attributes': ['Production Budget', 'Genre'], 'queryPhrase': None, 'visType': None, 'tasks': ['derived_value'], 'inferenceType': 'implicit', 'vlSpec': {'$schema': 'https://vega.github.io/schema/vega-lite/v6.json', 'mark': {'type': 'bar', 'tooltip': True}, 'encoding': {'y': {'field': 'Production Budget', 'type': 'quantitative', 'aggregate': 'mean', 'axis': {'format': 's'}}, 'x': {'field': 'Genre', 'type': 'nominal'}}, 'transform': [], 'data': {'url': '../../assets/data/movies-w-year.csv', 'format': {'type': 'csv'}}}}], 'attributeMap': {'Genre': {'name': 'Genre', 'queryPhrase': ['genre'], 'inferenceType': 'explicit', 'isAmbiguous': False, 'ambiguity': []}, 'Production Budget': {'name': 'Production Budget', 'queryPhrase': ['budget'], 'inferenceType': 'explicit', 'isAmbiguous': False, 'ambiguity': []}}, 'taskMap': {'derived_value': [{'task': 'derived_value', 'queryPhrase': 'average', 'operator': 'AVG', 'values': [], 'attributes': ['Production Budget'], 'inferenceType': 'explicit', 'followup_type': 'nothing'}]}, 'followUpQuery': True, 'contextObj': None, 'attributeMapping': {'Genre': {'genre': 1}, 'Production Budget': {'budget': 0.9}}, 'followUpConfidence': None, 'ambiguity': {'attribute': {}, 'value': {}}, 'dialogId': '0', 'queryId': '0'}"
movies-w-year.csv	movies-w-year.json	Can you show it over the years?	0	1	"{'query_raw': 'Can you show it over the years?', 'query': 'can you show it over the year ?', 'dataset': '../../assets/data/movies-w-year.csv', 'alias': None, 'visList': [{'attributes': ['Production Budget', 'Genre', 'Release Year'], 'queryPhrase': None, 'visType': None, 'tasks': ['derived_value'], 'inferenceType': 'implicit', 'vlSpec': {'$schema': 'https://vega.github.io/schema/vega-lite/v6.json', 'mark': {'type': 'line', 'tooltip': True}, 'encoding': {'y': {'field': 'Production Budget', 'type': 'quantitative', 'aggregate': 'mean', 'axis': {'format': 's'}}, 'color': {'field': 'Genre', 'type': 'nominal'}, 'x': {'field': 'Release Year', 'type': 'temporal'}}, 'transform': [], 'data': {'url': '../../assets/data/movies-w-year.csv', 'format': {'type': 'csv'}}}}, {'attributes': ['Production Budget', 'Genre', 'Release Year'], 'queryPhrase': None, 'visType': None, 'tasks': ['derived_value'], 'inferenceType': 'implicit', 'vlSpec': {'$schema': 'https://vega.github.io/schema/vega-lite/v6.json', 'mark': {'type': 'line', 'tooltip': True}, 'encoding': {'y': {'field': 'Production Budget', 'type': 'quantitative', 'aggregate': 'mean', 'axis': {'format': 's'}}, 'column': {'field': 'Genre', 'type': 'nominal'}, 'x': {'field': 'Release Year', 'type': 'temporal'}, 'color': {'field': 'Genre', 'type': 'nominal'}}, 'transform': [], 'data': {'url': '../../assets/data/movies-w-year.csv', 'format': {'type': 'csv'}}}}, {'attributes': ['Production Budget', 'Genre', 'Release Year'], 'queryPhrase': None, 'visType': None, 'tasks': ['derived_value'], 'inferenceType': 'implicit', 'vlSpec': {'$schema': 'https://vega.github.io/schema/vega-lite/v6.json', 'mark': {'type': 'bar', 'tooltip': True}, 'encoding': {'y': {'field': 'Production Budget', 'type': 'quantitative', 'aggregate': 'mean', 'axis': {'format': 's'}}, 'x': {'field': 'Genre', 'type': 'nominal'}, 'column': {'field': 'Release Year', 'type': 'temporal'}, 'color': {'field': 'Genre', 'type': 'nominal'}}, 'transform': [], 'data': {'url': '../../assets/data/movies-w-year.csv', 'format': {'type': 'csv'}}}}], 'attributeMap': {'Release Year': {'name': 'Release Year', 'queryPhrase': ['year'], 'inferenceType': 'explicit', 'isAmbiguous': False, 'ambiguity': []}, 'Genre': {'name': 'Genre', 'queryPhrase': ['genre'], 'inferenceType': 'explicit', 'isAmbiguous': False, 'ambiguity': []}, 'Production Budget': {'name': 'Production Budget', 'queryPhrase': ['budget'], 'inferenceType': 'explicit', 'isAmbiguous': False, 'ambiguity': []}}, 'taskMap': {'derived_value': [{'task': 'derived_value', 'queryPhrase': 'average', 'operator': 'AVG', 'values': [], 'attributes': ['Production Budget'], 'inferenceType': 'explicit', 'followup_type': 'nothing'}]}, 'followUpQuery': True, 'contextObj': None, 'attributeMapping': {'Release Year': {'year': 0.9}, 'Genre': {'genre': 1}, 'Production Budget': {'budget': 0.9}}, 'followUpConfidence': None, 'ambiguity': {'attribute': {}, 'value': {}}, 'dialogId': '0', 'queryId': '1'}"
movies-w-year.csv	movies-w-year.json	I want to see creative type instead of genre.	0	2	"{'query_raw': 'I want to see creative type instead of genre.', 'query': 'i want to see creative type instead of genre .', 'dataset': '../../assets/data/movies-w-year.csv', 'alias': None, 'visList': [{'attributes': ['Production Budget', 'Creative Type', 'Release Year'], 'queryPhrase': None, 'visType': None, 'tasks': ['derived_value'], 'inferenceType': 'implicit', 'vlSpec': {'$schema': 'https://vega.github.io/schema/vega-lite/v6.json', 'mark': {'type': 'line', 'tooltip': True}, 'encoding': {'y': {'field': 'Production Budget', 'type': 'quantitative', 'aggregate': 'mean', 'axis': {'format': 's'}}, 'color': {'field': 'Creative Type', 'type': 'nominal'}, 'x': {'field': 'Release Year', 'type': 'temporal'}}, 'transform': [], 'data': {'url': '../../assets/data/movies-w-year.csv', 'format': {'type': 'csv'}}}}, {'attributes': ['Production Budget', 'Creative Type', 'Release Year'], 'queryPhrase': None, 'visType': None, 'tasks': ['derived_value'], 'inferenceType': 'implicit', 'vlSpec': {'$schema': 'https://vega.github.io/schema/vega-lite/v6.json', 'mark': {'type': 'line', 'tooltip': True}, 'encoding': {'y': {'field': 'Production Budget', 'type': 'quantitative', 'aggregate': 'mean', 'axis': {'format': 's'}}, 'column': {'field': 'Creative Type', 'type': 'nominal'}, 'x': {'field': 'Release Year', 'type': 'temporal'}, 'color': {'field': 'Creative Type', 'type': 'nominal'}}, 'transform': [], 'data': {'url': '../../assets/data/movies-w-year.csv', 'format': {'type': 'csv'}}}}, {'attributes': ['Production Budget', 'Creative Type', 'Release Year'], 'queryPhrase': None, 'visType': None, 'tasks': ['derived_value'], 'inferenceType': 'implicit', 'vlSpec': {'$schema': 'https://vega.github.io/schema/vega-lite/v6.json', 'mark': {'type': 'bar', 'tooltip': True}, 'encoding': {'y': {'field': 'Production Budget', 'type': 'quantitative', 'aggregate': 'mean', 'axis': {'format': 's'}}, 'x': {'field': 'Creative Type', 'type': 'nominal'}, 'column': {'field': 'Release Year', 'type': 'temporal'}, 'color': {'field': 'Creative Type', 'type': 'nominal'}}, 'transform': [], 'data': {'url': '../../assets/data/movies-w-year.csv', 'format': {'type': 'csv'}}}}], 'attributeMap': {'Release Year': {'name': 'Release Year', 'queryPhrase': ['year'], 'inferenceType': 'explicit', 'isAmbiguous': False, 'ambiguity': []}, 'Production Budget': {'name': 'Production Budget', 'queryPhrase': ['budget'], 'inferenceType': 'explicit', 'isAmbiguous': False, 'ambiguity': []}, 'Creative Type': {'name': 'Creative Type', 'queryPhrase': ['creative type'], 'inferenceType': 'explicit', 'isAmbiguous': False, 'ambiguity': []}}, 'taskMap': {'derived_value': [{'task': 'derived_value', 'queryPhrase': 'average', 'operator': 'AVG', 'values': [], 'attributes': ['Production Budget'], 'inferenceType': 'explicit', 'followup_type': 'nothing'}]}, 'followUpQuery': True, 'contextObj': None, 'attributeMapping': {'Release Year': {'year': 0.9}, 'Production Budget': {'budget': 0.9}, 'Creative Type': {'creative type': 1}}, 'followUpConfidence': None, 'ambiguity': {'attribute': {}, 'value': {}}, 'dialogId': '0', 'queryId': '2'}"
movies-w-year.csv	movies-w-year.json	Give me a bar chart of average running time per genre	0	0	"{'query_raw': 'Give me a bar chart of average running time per genre', 'query': 'give me a bar chart of average running time per genre', 'dataset': '../../assets/data/movies-w-year.csv', 'alias': None, 'visList': [{'attributes': ['Running Time', 'Genre'], 'queryPhrase': 'bar chart', 'visType': 'barchart', 'tasks': ['derived_value'], 'inferenceType': 'explicit', 'vlSpec': {'$schema': 'https://vega.github.io/schema/vega-lite/v6.json', 'mark': {'type': 'bar', 'tooltip': True}, 'encoding': {'y': {'field': 'Running Time', 'type': 'quantitative', 'aggregate': 'mean', 'axis': {'format': 's'}}, 'x': {'field': 'Genre', 'type': 'nominal'}}, 'transform': [], 'data': {'url': '../../assets/data/movies-w-year.csv', 'format': {'type': 'csv'}}}}], 'attributeMap': {'Running Time': {'name': 'Running Time', 'queryPhrase': ['running time'], 'inferenceType': 'explicit', 'isAmbiguous': False, 'ambiguity': []}, 'Genre': {'name': 'Genre', 'queryPhrase': ['genre'], 'inferenceType': 'explicit', 'isAmbiguous': False, 'ambiguity': []}}, 'taskMap': {'derived_value': [{'task': 'derived_value', 'queryPhrase': 'average', 'operator': 'AVG', 'values': [], 'attributes': ['Running Time'], 'inferenceType': 'explicit', 'followup_type': 'nothing'}]}, 'followUpQuery': True, 'contextObj': None, 'attributeMapping': {'Running Time': {'running time': 1}, 'Genre': {'genre': 1}}, 'followUpConfidence': None, 'ambiguity': {'attribute': {}, 'value': {}}, 'dialogId': '0', 'queryId': '0'}"
movies-w-year.csv	movies-w-year.json	Show me the median instead of the average	0	1	"{'query_raw': 'Show me the median instead of the average', 'query': 'show me the median instead of the average', 'dataset': '../../assets/data/movies-w-year.csv', 'alias': None, 'visList': [{'attributes': ['Running Time', 'Genre'], 'queryPhrase': None, 'visType': 'barchart', 'tasks': ['derived_value'], 'inferenceType': 'explicit', 'vlSpec': {'$schema': 'https://vega.github.io/schema/vega-lite/v6.json', 'mark': {'type': 'bar', 'tooltip': True}, 'encoding': {'y': {'field': 'Running Time', 'type': 'quantitative', 'aggregate': 'median', 'axis': {'format': 's'}}, 'x': {'field': 'Genre', 'type': 'nominal'}}, 'transform': [], 'data': {'url': '../../assets/data/movies-w-year.csv', 'format': {'type': 'csv'}}}}], 'attributeMap': {'Running Time': {'name': 'Running Time', 'queryPhrase': ['running time'], 'inferenceType': 'explicit', 'isAmbiguous': False, 'ambiguity': []}, 'Genre': {'name': 'Genre', 'queryPhrase': ['genre'], 'inferenceType': 'explicit', 'isAmbiguous': False, 'ambiguity': []}}, 'taskMap': {'derived_value': [{'task': 'derived_value', 'queryPhrase': 'median', 'operator': 'MEDIAN', 'values': [], 'attributes': ['Running Time'], 'inferenceType': 'explicit', 'followup_type': 'nothing'}]}, 'followUpQuery': True, 'contextObj': None, 'attributeMapping': {'Running Time': {'running time': 1}, 'Genre': {'genre': 1}}, 'followUpConfidence': None, 'ambiguity': {'attribute': {}, 'value': {}}, 'dialogId': '0', 'queryId': '1'}"
movies-w-year.csv	movies-w-year.json	Sort in descending order	0	2	"{'query_raw': 'Sort in descending order', 'query': 'sort in descending order', 'dataset': '../../assets/data/movies-w-year.csv', 'alias': None, 'visList': [{'attributes': ['Running Time', 'Genre'], 'queryPhrase': None, 'visType': 'barchart', 'tasks': ['derived_value', 'sort'], 'inferenceType': 'explicit', 'vlSpec': {'$schema': 'https://vega.github.io/schema/vega-lite/v6.json', 'mark': {'type': 'bar', 'tooltip': True}, 'encoding': {'y': {'field': 'Running Time', 'type': 'quantitative', 'aggregate': 'median', 'axis': {'format': 's'}}, 'x': {'field': 'Genre', 'type': 'nominal', 'sort': '-y'}}, 'transform': [], 'data': {'url': '../../assets/data/movies-w-year.csv', 'format': {'type': 'csv'}}}}], 'attributeMap': {'Running Time': {'name': 'Running Time', 'queryPhrase': ['running time'], 'inferenceType': 'explicit', 'isAmbiguous': False, 'ambiguity': []}, 'Genre': {'name': 'Genre', 'queryPhrase': ['genre'], 'inferenceType': 'explicit', 'isAmbiguous': False, 'ambiguity': []}}, 'taskMap': {'derived_value': [{'task': 'derived_value', 'queryPhrase': 'median', 'operator': 'MEDIAN', 'values': [], 'attributes': ['Running Time'], 'inferenceType': 'explicit', 'followup_type': 'nothing'}], 'sort': [{'task': 'sort', 'queryPhrase': 'sort', 'operator': 'MIN', 'values': [], 'attributes': ['Running Time'], 'inferenceType': 'explicit', 'followup_type': 'add'}, {'task': 'sort', 'queryPhrase': 'descending', 'operator': 'MAX', 'values': [], 'attributes': ['Running Time'], 'inferenceType': 'explicit', 'followup_type': 'add'}]}, 'followUpQuery': True, 'contextObj': None, 'attributeMapping': {'Running Time': {'running time': 1}, 'Genre': {'genre': 1}}, 'followUpConfidence': None, 'ambiguity': {'attribute': {}, 'value': {}}, 'dialogId': '0', 'queryId': '2'}"
cars-w-year.csv	cars-w-year.json	Show the number of cars from each origin	0	0	"{'query_raw': 'Show the number of cars from each origin', 'query': 'show the number of car from each origin', 'dataset': '../../assets/data/cars-w-year.csv', 'alias': None, 'visList': [{'attributes': ['Origin'], 'queryPhrase': None, 'visType': None, 'tasks': ['distribution'], 'inferenceType': 'implicit', 'vlSpec': {'$schema': 'https://vega.github.io/schema/vega-lite/v6.json', 'mark': {'type': 'bar', 'tooltip': True}, 'encoding': {'x': {'field': 'Origin', 'type': 'nominal'}, 'y': {'field': 'Origin', 'type': 'nominal', 'aggregate': 'count'}}, 'transform': [], 'data': {'url': '../../assets/data/cars-w-year.csv', 'format': {'type': 'csv'}}}}], 'attributeMap': {'Origin': {'name': 'Origin', 'queryPhrase': ['origin'], 'inferenceType': 'explicit', 'isAmbiguous': False, 'ambiguity': []}}, 'taskMap': {'distribution': [{'task': 'distribution', 'queryPhrase': [], 'operator': None, 'values': None, 'attributes': ['Origin'], 'inferenceType': 'implicit', 'followup_type': None}]}, 'followUpQuery': True, 'contextObj': None, 'attributeMapping': {'Origin': {'origin': 1}}, 'followUpConfidence': None, 'ambiguity': {'attribute': {}, 'value': {}}, 'dialogId': '0', 'queryId': '0'}"
cars-w-year.csv	cars-w-year.json	Can you show how the number varies over the years?	0	1	"{'query_raw': 'Can you show how the number varies over the years?', 'query': 'can you show how the number vary over the year ?', 'dataset': '../../assets/data/cars-w-year.csv', 'alias': None, 'visList': [{'attributes': ['Origin', 'Year'], 'queryPhrase': None, 'visType': None, 'tasks': ['trend'], 'inferenceType': 'implicit', 'vlSpec': {'$schema': 'https://vega.github.io/schema/vega-lite/v6.json', 'mark': {'type': 'line', 'tooltip': True}, 'encoding': {'color': {'field': 'Origin', 'type': 'nominal'}, 'x': {'field': 'Year', 'type': 'temporal'}, 'y': {'field': 'Year', 'type': 'temporal', 'aggregate': 'count'}}, 'transform': [], 'data': {'url': '../../assets/data/cars-w-year.csv', 'format': {'type': 'csv'}}}}, {'attributes': ['Origin', 'Year'], 'queryPhrase': None, 'visType': None, 'tasks': ['trend'], 'inferenceType': 'implicit', 'vlSpec': {'$schema': 'https://vega.github.io/schema/vega-lite/v6.json', 'mark': {'type': 'line', 'tooltip': True}, 'encoding': {'column': {'field': 'Origin', 'type': 'nominal'}, 'x': {'field': 'Year', 'type': 'temporal'}, 'y': {'field': 'Year', 'type': 'temporal', 'aggregate': 'count'}, 'color': {'field': 'Origin', 'type': 'nominal'}}, 'transform': [], 'data': {'url': '../../assets/data/cars-w-year.csv', 'format': {'type': 'csv'}}}}], 'attributeMap': {'Year': {'name': 'Year', 'queryPhrase': ['year'], 'inferenceType': 'explicit', 'isAmbiguous': False, 'ambiguity': []}, 'Origin': {'name': 'Origin', 'queryPhrase': ['origin'], 'inferenceType': 'explicit', 'isAmbiguous': False, 'ambiguity': []}}, 'taskMap': {'trend': [{'task': 'trend', 'queryPhrase': [], 'operator': None, 'values': None, 'attributes': ['Origin', 'Year'], 'inferenceType': 'implicit', 'followup_type': None}]}, 'followUpQuery': True, 'contextObj': None, 'attributeMapping': {'Year': {'year': 1}, 'Origin': {'origin': 1}}, 'followUpConfidence': None, 'ambiguity': {'attribute': {}, 'value': {}}, 'dialogId': '0', 'queryId': '1'}"
cars-w-year.csv	cars-w-year.json	Remove the cars from Japan	0	2	"{'query_raw': 'Remove the cars from Japan', 'query': 'remove the car from japan', 'dataset': '../../assets/data/cars-w-year.csv', 'alias': None, 'visList': [{'attributes': ['Origin', 'Year'], 'queryPhrase': 'REMOVE', 'visType': None, 'tasks': ['trend', 'filter'], 'inferenceType': 'implicit', 'vlSpec': {'$schema': 'https://vega.github.io/schema/vega-lite/v6.json', 'mark': {'type': 'line', 'tooltip': True}, 'encoding': {'color': {'field': 'Origin', 'type': 'nominal'}, 'x': {'field': 'Year', 'type': 'temporal'}, 'y': {'field': 'Year', 'type': 'temporal', 'aggregate': 'count'}}, 'transform': [{'filter': {'field': 'Origin', 'oneOf': ['Europe', 'US']}}], 'data': {'url': '../../assets/data/cars-w-year.csv', 'format': {'type': 'csv'}}}}, {'attributes': ['Origin', 'Year'], 'queryPhrase': 'REMOVE', 'visType': None, 'tasks': ['trend', 'filter'], 'inferenceType': 'implicit', 'vlSpec': {'$schema': 'https://vega.github.io/schema/vega-lite/v6.json', 'mark': {'type': 'line', 'tooltip': True}, 'encoding': {'column': {'field': 'Origin', 'type': 'nominal'}, 'x': {'field': 'Year', 'type': 'temporal'}, 'y': {'field': 'Year', 'type': 'temporal', 'aggregate': 'count'}, 'color': {'field': 'Origin', 'type': 'nominal'}}, 'transform': [{'filter': {'field': 'Origin', 'oneOf': ['Europe', 'US']}}], 'data': {'url': '../../assets/data/cars-w-year.csv', 'format': {'type': 'csv'}}}}], 'attributeMap': {'Origin': {'name': 'Origin', 'queryPhrase': ['japan'], 'inferenceType': 'implicit', 'isAmbiguous': False, 'ambiguity': []}, 'Year': {'name': 'Year', 'queryPhrase': ['year'], 'inferenceType': 'explicit', 'isAmbiguous': False, 'ambiguity': []}}, 'taskMap': {'trend': [{'task': 'trend', 'queryPhrase': [], 'operator': None, 'values': None, 'attributes': ['Origin', 'Year'], 'inferenceType': 'implicit', 'followup_type': None}], 'filter': [{'task': 'filter', 'queryPhrase': ['japan'], 'operator': 'IN', 'values': ['Europe', 'US'], 'attributes': ['Origin'], 'inferenceType': 'explicit', 'followup_type': 'nothing'}]}, 'followUpQuery': True, 'contextObj': None, 'attributeMapping': {'Origin': {'japan': 0.5}, 'Year': {'year': 1}}, 'followUpConfidence': None, 'ambiguity': {'attribute': {}, 'value': {}}, 'dialogId': '0', 'queryId': '2'}"
cars-w-year.csv	cars-w-year.json	Correlate displacement and mpg	0	0	"{'query_raw': 'Correlate displacement and mpg', 'query': 'correlate displacement and mpg', 'dataset': '../../assets/data/cars-w-year.csv', 'alias': None, 'visList': [{'attributes': ['MPG', 'Displacement'], 'queryPhrase': None, 'visType': None, 'tasks': ['correlation'], 'inferenceType': 'implicit', 'vlSpec': {'$schema': 'https://vega.github.io/schema/vega-lite/v6.json', 'mark': {'type': 'point', 'tooltip': True}, 'encoding': {'x': {'field': 'MPG', 'type': 'quantitative', 'axis': {'format': 's'}}, 'y': {'field': 'Displacement', 'type': 'quantitative', 'axis': {'format': 's'}}, 'tooltip': {'field': 'Model'}}, 'transform': [], 'data': {'url': '../../assets/data/cars-w-year.csv', 'format': {'type': 'csv'}}}}], 'attributeMap': {'MPG': {'name': 'MPG', 'queryPhrase': ['mpg'], 'inferenceType': 'explicit', 'isAmbiguous': False, 'ambiguity': []}, 'Displacement': {'name': 'Displacement', 'queryPhrase': ['displacement'], 'inferenceType': 'explicit', 'isAmbiguous': False, 'ambiguity': []}}, 'taskMap': {'correlation': [{'task': 'correlation', 'queryPhrase': 'correlate', 'operator': None, 'values': [], 'attributes': ['MPG', 'Displacement'], 'inferenceType': 'explicit', 'followup_type': 'nothing'}]}, 'followUpQuery': True, 'contextObj': None, 'attributeMapping': {'MPG': {'mpg': 1}, 'Displacement': {'displacement': 1}}, 'followUpConfidence': None, 'ambiguity': {'attribute': {}, 'value': {}}, 'dialogId': '0', 'queryId': '0'}"
cars-w-year.csv	cars-w-year.json	Group by origin	0	1	"{'query_raw': 'Group by origin', 'query': 'group by origin', 'dataset': '../../assets/data/cars-w-year.csv', 'alias': None, 'visList': [{'attributes': ['MPG', 'Displacement', 'Origin'], 'queryPhrase': None, 'visType': None, 'tasks': ['correlation'], 'inferenceType': 'implicit', 'vlSpec': {'$schema': 'https://vega.github.io/schema/vega-lite/v6.json', 'mark': {'type': 'point', 'tooltip': True}, 'encoding': {'x': {'field': 'MPG', 'type': 'quantitative', 'axis': {'format': 's'}}, 'y': {'field': 'Displacement', 'type': 'quantitative', 'axis': {'format': 's'}}, 'color': {'field': 'Origin', 'type': 'nominal'}, 'tooltip': {'field': 'Model'}}, 'transform': [], 'data': {'url': '../../assets/data/cars-w-year.csv', 'format': {'type': 'csv'}}}}, {'attributes': ['MPG', 'Displacement', 'Origin'], 'queryPhrase': None, 'visType': None, 'tasks': ['correlation'], 'inferenceType': 'implicit', 'vlSpec': {'$schema': 'https://vega.github.io/schema/vega-lite/v6.json', 'mark': {'type': 'point', 'tooltip': True}, 'encoding': {'x': {'field': 'MPG', 'type': 'quantitative', 'axis': {'format': 's'}}, 'y': {'field': 'Displacement', 'type': 'quantitative', 'axis': {'format': 's'}}, 'column': {'field': 'Origin', 'type': 'nominal'}, 'color': {'field': 'Origin', 'type': 'nominal'}, 'tooltip': {'field': 'Model'}}, 'transform': [], 'data': {'url': '../../assets/data/cars-w-year.csv', 'format': {'type': 'csv'}}}}], 'attributeMap': {'MPG': {'name': 'MPG', 'queryPhrase': ['mpg'], 'inferenceType': 'explicit', 'isAmbiguous': False, 'ambiguity': []}, 'Displacement': {'name': 'Displacement', 'queryPhrase': ['displacement'], 'inferenceType': 'explicit', 'isAmbiguous': False, 'ambiguity': []}, 'Origin': {'name': 'Origin', 'queryPhrase': ['origin'], 'inferenceType': 'explicit', 'isAmbiguous': False, 'ambiguity': []}}, 'taskMap': {'correlation': [{'task': 'correlation', 'queryPhrase': [], 'operator': None, 'values': None, 'attributes': ['MPG', 'Displacement'], 'inferenceType': 'implicit', 'followup_type': None}]}, 'followUpQuery': True, 'contextObj': None, 'attributeMapping': {'MPG': {'mpg': 1}, 'Displacement': {'displacement': 1}, 'Origin': {'origin': 1}}, 'followUpConfidence': None, 'ambiguity': {'attribute': {}, 'value': {}}, 'dialogId': '0', 'queryId': '1'}"
cars-w-year.csv	cars-w-year.json	Replace displacement with weight	0	2	"{'query_raw': 'Replace displacement with weight', 'query': 'replace displacement with weight', 'dataset': '../../assets/data/cars-w-year.csv', 'alias': None, 'visList': [{'attributes': ['MPG', 'Weight', 'Origin'], 'queryPhrase': None, 'visType': None, 'tasks': ['correlation'], 'inferenceType': 'implicit', 'vlSpec': {'$schema': 'https://vega.github.io/schema/vega-lite/v6.json', 'mark': {'type': 'point', 'tooltip': True}, 'encoding': {'x': {'field': 'MPG', 'type': 'quantitative', 'axis': {'format': 's'}}, 'y': {'field': 'Weight', 'type': 'quantitative', 'axis': {'format': 's'}}, 'color': {'field': 'Origin', 'type': 'nominal'}, 'tooltip': {'field': 'Model'}}, 'transform': [], 'data': {'url': '../../assets/data/cars-w-year.csv', 'format': {'type': 'csv'}}}}, {'attributes': ['MPG', 'Weight', 'Origin'], 'queryPhrase': None, 'visType': None, 'tasks': ['correlation'], 'inferenceType': 'implicit', 'vlSpec': {'$schema': 'https://vega.github.io/schema/vega-lite/v6.json', 'mark': {'type': 'point', 'tooltip': True}, 'encoding': {'x': {'field': 'MPG', 'type': 'quantitative', 'axis': {'format': 's'}}, 'y': {'field': 'Weight', 'type': 'quantitative', 'axis': {'format': 's'}}, 'column': {'field': 'Origin', 'type': 'nominal'}, 'color': {'field': 'Origin', 'type': 'nominal'}, 'tooltip': {'field': 'Model'}}, 'transform': [], 'data': {'url': '../../assets/data/cars-w-year.csv', 'format': {'type': 'csv'}}}}], 'attributeMap': {'MPG': {'name': 'MPG', 'queryPhrase': ['mpg'], 'inferenceType': 'explicit', 'isAmbiguous': False, 'ambiguity': []}, 'Origin': {'name': 'Origin', 'queryPhrase': ['origin'], 'inferenceType': 'explicit', 'isAmbiguous': False, 'ambiguity': []}, 'Weight': {'name': 'Weight', 'queryPhrase': ['weight'], 'inferenceType': 'explicit', 'isAmbiguous': False, 'ambiguity': []}}, 'taskMap': {'correlation': [{'task': 'correlation', 'queryPhrase': [], 'operator': None, 'values': None, 'attributes': ['MPG', 'Weight'], 'inferenceType': 'implicit', 'followup_type': None}]}, 'followUpQuery': True, 'contextObj': None, 'attributeMapping': {'MPG': {'mpg': 1}, 'Origin': {'origin': 1}, 'Weight': {'weight': 1}}, 'followUpConfidence': None, 'ambiguity': {'attribute': {}, 'value': {}}, 'dialogId': '0', 'queryId': '2'}"
cars-w-year.csv	cars-w-year.json	Show the distribution of cars for each number of cylinders	0	0	"{'query_raw': 'Show the distribution of cars for each number of cylinders', 'query': 'show the distribution of car for each number of cylinder', 'dataset': '../../assets/data/cars-w-year.csv', 'alias': None, 'visList': [{'attributes': ['Cylinders'], 'queryPhrase': None, 'visType': None, 'tasks': ['distribution'], 'inferenceType': 'implicit', 'vlSpec': {'$schema': 'https://vega.github.io/schema/vega-lite/v6.json', 'mark': {'type': 'bar', 'tooltip': True}, 'encoding': {'x': {'field': 'Cylinders', 'type': 'quantitative', 'bin': True, 'axis': {'format': 's'}}, 'y': {'field': 'Cylinders', 'type': 'quantitative', 'aggregate': 'count', 'axis': {'format': 's'}}}, 'transform': [], 'data': {'url': '../../assets/data/cars-w-year.csv', 'format': {'type': 'csv'}}}}, {'attributes': ['Cylinders'], 'queryPhrase': None, 'visType': None, 'tasks': ['distribution'], 'inferenceType': 'implicit', 'vlSpec': {'$schema': 'https://vega.github.io/schema/vega-lite/v6.json', 'mark': {'type': 'tick', 'tooltip': True}, 'encoding': {'x': {'field': 'Cylinders', 'type': 'quantitative', 'axis': {'format': 's'}}, 'tooltip': {'field': 'Model'}}, 'transform': [], 'data': {'url': '../../assets/data/cars-w-year.csv', 'format': {'type': 'csv'}}}}, {'attributes': ['Cylinders'], 'queryPhrase': None, 'visType': None, 'tasks': ['distribution'], 'inferenceType': 'implicit', 'vlSpec': {'$schema': 'https://vega.github.io/schema/vega-lite/v6.json', 'mark': {'type': 'boxplot', 'tooltip': True}, 'encoding': {'x': {'field': 'Cylinders', 'type': 'quantitative', 'axis': {'format': 's'}}, 'tooltip': {'field': 'Model'}}, 'transform': [], 'data': {'url': '../../assets/data/cars-w-year.csv', 'format': {'type': 'csv'}}}}], 'attributeMap': {'Cylinders': {'name': 'Cylinders', 'queryPhrase': ['cylinder'], 'inferenceType': 'explicit', 'isAmbiguous': False, 'ambiguity': []}}, 'taskMap': {'distribution': [{'task': 'distribution', 'queryPhrase': [], 'operator': None, 'values': None, 'attributes': ['Cylinders'], 'inferenceType': 'implicit', 'followup_type': None}]}, 'followUpQuery': True, 'contextObj': None, 'attributeMapping': {'Cylinders': {'cylinder': 1}}, 'followUpConfidence': None, 'ambiguity': {'attribute': {}, 'value': {}}, 'dialogId': '0', 'queryId': '0'}"
cars-w-year.csv	cars-w-year.json	I want to only see the cars that have a horspower of less than 70	0	1	"{'query_raw': 'I want to only see the cars that have a horspower of less than 70', 'query': 'i want to only see the car that have a horspower of less than 70', 'dataset': '../../assets/data/cars-w-year.csv', 'alias': None, 'visList': [{'attributes': ['Cylinders'], 'queryPhrase': None, 'visType': None, 'tasks': ['distribution', 'filter'], 'inferenceType': 'implicit', 'vlSpec': {'$schema': 'https://vega.github.io/schema/vega-lite/v6.json', 'mark': {'type': 'bar', 'tooltip': True}, 'encoding': {'x': {'field': 'Cylinders', 'type': 'quantitative', 'bin': True, 'axis': {'format': 's'}}, 'y': {'field': 'Cylinders', 'type': 'quantitative', 'aggregate': 'count', 'axis': {'format': 's'}}}, 'transform': [{'filter': 'lower(datum[""Horsepower""]) < 70.0'}], 'data': {'url': '../../assets/data/cars-w-year.csv', 'format': {'type': 'csv'}}}}, {'attributes': ['Cylinders'], 'queryPhrase': None, 'visType': None, 'tasks': ['distribution', 'filter'], 'inferenceType': 'implicit', 'vlSpec': {'$schema': 'https://vega.github.io/schema/vega-lite/v6.json', 'mark': {'type': 'tick', 'tooltip': True}, 'encoding': {'x': {'field': 'Cylinders', 'type': 'quantitative', 'axis': {'format': 's'}}, 'tooltip': {'field': 'Model'}}, 'transform': [{'filter': 'lower(datum[""Horsepower""]) < 70.0'}], 'data': {'url': '../../assets/data/cars-w-year.csv', 'format': {'type': 'csv'}}}}, {'attributes': ['Cylinders'], 'queryPhrase': None, 'visType': None, 'tasks': ['distribution', 'filter'], 'inferenceType': 'implicit', 'vlSpec': {'$schema': 'https://vega.github.io/schema/vega-lite/v6.json', 'mark': {'type': 'boxplot', 'tooltip': True}, 'encoding': {'x': {'field': 'Cylinders', 'type': 'quantitative', 'axis': {'format': 's'}}, 'tooltip': {'field': 'Model'}}, 'transform': [{'filter': 'lower(datum[""Horsepower""]) < 70.0'}], 'data': {'url': '../../assets/data/cars-w-year.csv', 'format': {'type': 'csv'}}}}], 'attributeMap': {'Horsepower': {'name': 'Horsepower', 'queryPhrase': ['horspower'], 'inferenceType': 'explicit', 'isAmbiguous': False, 'ambiguity': []}, 'Cylinders': {'name': 'Cylinders', 'queryPhrase': ['cylinder'], 'inferenceType': 'explicit', 'isAmbiguous': False, 'ambiguity': []}}, 'taskMap': {'distribution': [{'task': 'distribution', 'queryPhrase': [], 'operator': None, 'values': None, 'attributes': ['Cylinders'], 'inferenceType': 'implicit', 'followup_type': None}], 'filter': [{'task': 'filter', 'queryPhrase': 'less', 'operator': 'LT', 'values': [70.0], 'attributes': ['Horsepower'], 'inferenceType': 'explicit', 'followup_type': 'nothing'}]}, 'followUpQuery': True, 'contextObj': None, 'attributeMapping': {'Horsepower': {'horspower': 0.9}, 'Cylinders': {'cylinder': 1}}, 'followUpConfidence': None, 'ambiguity': {'attribute': {}, 'value': {}}, 'dialogId': '0', 'queryId': '1'}"
cars-w-year.csv	cars-w-year.json	Remove the cars that have a displacement of more than 100	0	2	"{'query_raw': 'Remove the cars that have a displacement of more than 100', 'query': 'remove the car that have a displacement of more than 100', 'dataset': '../../assets/data/cars-w-year.csv', 'alias': None, 'visList': [{'attributes': ['Cylinders'], 'queryPhrase': 'REMOVE', 'visType': None, 'tasks': ['distribution', 'filter'], 'inferenceType': 'implicit', 'vlSpec': {'$schema': 'https://vega.github.io/schema/vega-lite/v6.json', 'mark': {'type': 'bar', 'tooltip': True}, 'encoding': {'x': {'field': 'Cylinders', 'type': 'quantitative', 'bin': True, 'axis': {'format': 's'}}, 'y': {'field': 'Cylinders', 'type': 'quantitative', 'aggregate': 'count', 'axis': {'format': 's'}}}, 'transform': [{'filter': 'lower(datum[""Horsepower""]) < 70.0'}, {'filter': 'lower(datum[""Displacement""]) < 100.0'}], 'data': {'url': '../../assets/data/cars-w-year.csv', 'format': {'type': 'csv'}}}}, {'attributes': ['Cylinders'], 'queryPhrase': 'REMOVE', 'visType': None, 'tasks': ['distribution', 'filter'], 'inferenceType': 'implicit', 'vlSpec': {'$schema': 'https://vega.github.io/schema/vega-lite/v6.json', 'mark': {'type': 'tick', 'tooltip': True}, 'encoding': {'x': {'field': 'Cylinders', 'type': 'quantitative', 'axis': {'format': 's'}}, 'tooltip': {'field': 'Model'}}, 'transform': [{'filter': 'lower(datum[""Horsepower""]) < 70.0'}, {'filter': 'lower(datum[""Displacement""]) < 100.0'}], 'data': {'url': '../../assets/data/cars-w-year.csv', 'format': {'type': 'csv'}}}}, {'attributes': ['Cylinders'], 'queryPhrase': 'REMOVE', 'visType': None, 'tasks': ['distribution', 'filter'], 'inferenceType': 'implicit', 'vlSpec': {'$schema': 'https://vega.github.io/schema/vega-lite/v6.json', 'mark': {'type': 'boxplot', 'tooltip': True}, 'encoding': {'x': {'field': 'Cylinders', 'type': 'quantitative', 'axis': {'format': 's'}}, 'tooltip': {'field': 'Model'}}, 'transform': [{'filter': 'lower(datum[""Horsepower""]) < 70.0'}, {'filter': 'lower(datum[""Displacement""]) < 100.0'}], 'data': {'url': '../../assets/data/cars-w-year.csv', 'format': {'type': 'csv'}}}}], 'attributeMap': {'Displacement': {'name': 'Displacement', 'queryPhrase': ['displacement'], 'inferenceType': 'explicit', 'isAmbiguous': False, 'ambiguity': []}, 'Horsepower': {'name': 'Horsepower', 'queryPhrase': ['horspower'], 'inferenceType': 'explicit', 'isAmbiguous': False, 'ambiguity': []}, 'Cylinders': {'name': 'Cylinders', 'queryPhrase': ['cylinder'], 'inferenceType': 'explicit', 'isAmbiguous': False, 'ambiguity': []}}, 'taskMap': {'distribution': [{'task': 'distribution', 'queryPhrase': [], 'operator': None, 'values': None, 'attributes': ['Cylinders'], 'inferenceType': 'implicit', 'followup_type': None}], 'filter': [{'task': 'filter', 'queryPhrase': 'less', 'operator': 'LT', 'values': [70.0], 'attributes': ['Horsepower'], 'inferenceType': 'explicit', 'followup_type': 'nothing'}, {'task': 'filter', 'queryPhrase': 'more', 'operator': 'LT', 'values': [100.0], 'attributes': ['Displacement'], 'inferenceType': 'explicit', 'followup_type': 'nothing'}]}, 'followUpQuery': True, 'contextObj': None, 'attributeMapping': {'Displacement': {'displacement': 1}, 'Horsepower': {'horspower': 0.9}, 'Cylinders': {'cylinder': 1}}, 'followUpConfidence': None, 'ambiguity': {'attribute': {}, 'value': {}}, 'dialogId': '0', 'queryId': '2'}"
euro.csv	euro.json	Show me the total number of players for each foot	0	0	"{'query_raw': 'Show me the total number of players for each foot', 'query': 'show me the total number of player for each foot', 'dataset': '../../assets/data/euro.csv', 'alias': None, 'visList': [{'attributes': ['Foot'], 'queryPhrase': None, 'visType': None, 'tasks': ['distribution'], 'inferenceType': 'implicit', 'vlSpec': {'$schema': 'https://vega.github.io/schema/vega-lite/v6.json', 'mark': {'type': 'bar', 'tooltip': True}, 'encoding': {'x': {'field': 'Foot', 'type': 'nominal'}, 'y': {'field': 'Foot', 'type': 'nominal', 'aggregate': 'count'}}, 'transform': [], 'data': {'url': '../../assets/data/euro.csv', 'format': {'type': 'csv'}}}}], 'attributeMap': {'Foot': {'name': 'Foot', 'queryPhrase': ['foot'], 'inferenceType': 'explicit', 'isAmbiguous': False, 'ambiguity': []}}, 'taskMap': {'distribution': [{'task': 'distribution', 'queryPhrase': [], 'operator': None, 'values': None, 'attributes': ['Foot'], 'inferenceType': 'implicit', 'followup_type': None}]}, 'followUpQuery': True, 'contextObj': None, 'attributeMapping': {'Foot': {'foot': 1}}, 'followUpConfidence': None, 'ambiguity': {'attribute': {}, 'value': {}}, 'dialogId': '0', 'queryId': '0'}"
euro.csv	euro.json	Please visualize this for each country now	0	1	"{'query_raw': 'Please visualize this for each country now', 'query': 'please visualize thi for each country now', 'dataset': '../../assets/data/euro.csv', 'alias': None, 'visList': [{'attributes': ['Country', 'Foot'], 'queryPhrase': None, 'visType': None, 'tasks': ['distribution'], 'inferenceType': 'implicit', 'vlSpec': {'$schema': 'https://vega.github.io/schema/vega-lite/v6.json', 'mark': {'type': 'point', 'tooltip': True}, 'encoding': {'x': {'field': 'Country', 'type': 'nominal'}, 'y': {'field': 'Foot', 'type': 'nominal'}, 'size': {'field': 'Country', 'type': 'nominal', 'aggregate': 'count'}}, 'transform': [], 'data': {'url': '../../assets/data/euro.csv', 'format': {'type': 'csv'}}}}, {'attributes': ['Country', 'Foot'], 'queryPhrase': None, 'visType': None, 'tasks': ['distribution'], 'inferenceType': 'implicit', 'vlSpec': {'$schema': 'https://vega.github.io/schema/vega-lite/v6.json', 'mark': {'type': 'bar', 'tooltip': True}, 'encoding': {'x': {'field': 'Country', 'type': 'nominal'}, 'color': {'field': 'Foot', 'type': 'nominal'}, 'y': {'field': 'Country', 'type': 'nominal', 'aggregate': 'count'}}, 'transform': [], 'data': {'url': '../../assets/data/euro.csv', 'format': {'type': 'csv'}}}}], 'attributeMap': {'Country': {'name': 'Country', 'queryPhrase': ['country'], 'inferenceType': 'explicit', 'isAmbiguous': False, 'ambiguity': []}, 'Foot': {'name': 'Foot', 'queryPhrase': ['foot'], 'inferenceType': 'explicit', 'isAmbiguous': False, 'ambiguity': []}}, 'taskMap': {'distribution': [{'task': 'distribution', 'queryPhrase': [], 'operator': None, 'values': None, 'attributes': ['Country', 'Foot'], 'inferenceType': 'implicit', 'followup_type': None}]}, 'followUpQuery': True, 'contextObj': None, 'attributeMapping': {'Country': {'country': 1}, 'Foot': {'foot': 1}}, 'followUpConfidence': None, 'ambiguity': {'attribute': {}, 'value': {}}, 'dialogId': '0', 'queryId': '1'}"
euro.csv	euro.json	I want to only see the goalkeepers now	0	2	"{'query_raw': 'I want to only see the goalkeepers now', 'query': 'i want to only see the goalkeeper now', 'dataset': '../../assets/data/euro.csv', 'alias': None, 'visList': [{'attributes': ['Country', 'Foot'], 'queryPhrase': None, 'visType': None, 'tasks': ['distribution', 'filter'], 'inferenceType': 'implicit', 'vlSpec': {'$schema': 'https://vega.github.io/schema/vega-lite/v6.json', 'mark': {'type': 'point', 'tooltip': True}, 'encoding': {'x': {'field': 'Country', 'type': 'nominal'}, 'y': {'field': 'Foot', 'type': 'nominal'}, 'size': {'field': 'Country', 'type': 'nominal', 'aggregate': 'count'}}, 'transform': [{'filter': {'field': 'Position', 'oneOf': ['Goalkeeper']}}], 'data': {'url': '../../assets/data/euro.csv', 'format': {'type': 'csv'}}}}, {'attributes': ['Country', 'Foot'], 'queryPhrase': None, 'visType': None, 'tasks': ['distribution', 'filter'], 'inferenceType': 'implicit', 'vlSpec': {'$schema': 'https://vega.github.io/schema/vega-lite/v6.json', 'mark': {'type': 'bar', 'tooltip': True}, 'encoding': {'x': {'field': 'Country', 'type': 'nominal'}, 'color': {'field': 'Foot', 'type': 'nominal'}, 'y': {'field': 'Country', 'type': 'nominal', 'aggregate': 'count'}}, 'transform': [{'filter': {'field': 'Position', 'oneOf': ['Goalkeeper']}}], 'data': {'url': '../../assets/data/euro.csv', 'format': {'type': 'csv'}}}}], 'attributeMap': {'Position': {'name': 'Position', 'queryPhrase': ['goalkeeper'], 'inferenceType': 'implicit', 'isAmbiguous': False, 'ambiguity': []}, 'Country': {'name': 'Country', 'queryPhrase': ['country'], 'inferenceType': 'explicit', 'isAmbiguous': False, 'ambiguity': []}, 'Foot': {'name': 'Foot', 'queryPhrase': ['foot'], 'inferenceType': 'explicit', 'isAmbiguous': False, 'ambiguity': []}}, 'taskMap': {'distribution': [{'task': 'distribution', 'queryPhrase': [], 'operator': None, 'values': None, 'attributes': ['Country', 'Foot'], 'inferenceType': 'implicit', 'followup_type': None}], 'filter': [{'task': 'filter', 'queryPhrase': ['goalkeeper'], 'operator': 'IN', 'values': ['Goalkeeper'], 'attributes': ['Position'], 'inferenceType': 'explicit', 'followup_type': 'nothing'}]}, 'followUpQuery': True, 'contextObj': None, 'attributeMapping': {'Position': {'goalkeeper': 0.5}, 'Country': {'country': 1}, 'Foot': {'foot': 1}}, 'followUpConfidence': None, 'ambiguity': {'attribute': {}, 'value': {}}, 'dialogId': '0', 'queryId': '2'}"
euro.csv	euro.json	Visualize a distribution plot of goals	0	0	"{'query_raw': 'Visualize a distribution plot of goals', 'query': 'visualize a distribution plot of goal', 'dataset': '../../assets/data/euro.csv', 'alias': None, 'visList': [{'attributes': ['Goals'], 'queryPhrase': None, 'visType': None, 'tasks': ['distribution'], 'inferenceType': 'implicit', 'vlSpec': {'$schema': 'https://vega.github.io/schema/vega-lite/v6.json', 'mark': {'type': 'bar', 'tooltip': True}, 'encoding': {'x': {'field': 'Goals', 'type': 'quantitative', 'bin': True, 'axis': {'format': 's'}}, 'y': {'field': 'Goals', 'type': 'quantitative', 'aggregate': 'count', 'axis': {'format': 's'}}}, 'transform': [], 'data': {'url': '../../assets/data/euro.csv', 'format': {'type': 'csv'}}}}, {'attributes': ['Goals'], 'queryPhrase': None, 'visType': None, 'tasks': ['distribution'], 'inferenceType': 'implicit', 'vlSpec': {'$schema': 'https://vega.github.io/schema/vega-lite/v6.json', 'mark': {'type': 'tick', 'tooltip': True}, 'encoding': {'x': {'field': 'Goals', 'type': 'quantitative', 'axis': {'format': 's'}}, 'tooltip': {'field': 'Name'}}, 'transform': [], 'data': {'url': '../../assets/data/euro.csv', 'format': {'type': 'csv'}}}}, {'attributes': ['Goals'], 'queryPhrase': None, 'visType': None, 'tasks': ['distribution'], 'inferenceType': 'implicit', 'vlSpec': {'$schema': 'https://vega.github.io/schema/vega-lite/v6.json', 'mark': {'type': 'boxplot', 'tooltip': True}, 'encoding': {'x': {'field': 'Goals', 'type': 'quantitative', 'axis': {'format': 's'}}, 'tooltip': {'field': 'Name'}}, 'transform': [], 'data': {'url': '../../assets/data/euro.csv', 'format': {'type': 'csv'}}}}], 'attributeMap': {'Goals': {'name': 'Goals', 'queryPhrase': ['goal'], 'inferenceType': 'explicit', 'isAmbiguous': False, 'ambiguity': []}}, 'taskMap': {'distribution': [{'task': 'distribution', 'queryPhrase': [], 'operator': None, 'values': None, 'attributes': ['Goals'], 'inferenceType': 'implicit', 'followup_type': None}]}, 'followUpQuery': True, 'contextObj': None, 'attributeMapping': {'Goals': {'goal': 1}}, 'followUpConfidence': None, 'ambiguity': {'attribute': {}, 'value': {}}, 'dialogId': '0', 'queryId': '0'}"
euro.csv	euro.json	As a boxplot now	0	1	"{'query_raw': 'As a boxplot now', 'query': 'a a boxplot now', 'dataset': '../../assets/data/euro.csv', 'alias': None, 'visList': [{'attributes': ['Goals'], 'queryPhrase': 'boxplot', 'visType': 'boxplot', 'tasks': ['distribution'], 'inferenceType': 'explicit', 'vlSpec': {'$schema': 'https://vega.github.io/schema/vega-lite/v6.json', 'mark': {'type': 'boxplot', 'tooltip': True}, 'encoding': {'x': {'field': 'Goals', 'type': 'quantitative', 'axis': {'format': 's'}}, 'tooltip': {'field': 'Name'}}, 'transform': [], 'data': {'url': '../../assets/data/euro.csv', 'format': {'type': 'csv'}}}}], 'attributeMap': {'Goals': {'name': 'Goals', 'queryPhrase': ['goal'], 'inferenceType': 'explicit', 'isAmbiguous': False, 'ambiguity': []}}, 'taskMap': {'distribution': [{'task': 'distribution', 'queryPhrase': [], 'operator': None, 'values': None, 'attributes': ['Goals'], 'inferenceType': 'implicit', 'followup_type': None}]}, 'followUpQuery': True, 'contextObj': None, 'attributeMapping': {'Goals': {'goal': 1}}, 'followUpConfidence': None, 'ambiguity': {'attribute': {}, 'value': {}}, 'dialogId': '0', 'queryId': '1'}"
euro.csv	euro.json	I want to see salary instead of goals now	0	2	"{'query_raw': 'I want to see salary instead of goals now', 'query': 'i want to see salary instead of goal now', 'dataset': '../../assets/data/euro.csv', 'alias': None, 'visList': [{'attributes': ['Salary'], 'queryPhrase': None, 'visType': 'boxplot', 'tasks': ['distribution'], 'inferenceType': 'explicit', 'vlSpec': {'$schema': 'https://vega.github.io/schema/vega-lite/v6.json', 'mark': {'type': 'boxplot', 'tooltip': True}, 'encoding': {'x': {'field': 'Salary', 'type': 'quantitative', 'axis': {'format': 's'}}, 'tooltip': {'field': 'Name'}}, 'transform': [], 'data': {'url': '../../assets/data/euro.csv', 'format': {'type': 'csv'}}}}], 'attributeMap': {'Salary': {'name': 'Salary', 'queryPhrase': ['salary'], 'inferenceType': 'explicit', 'isAmbiguous': False, 'ambiguity': []}}, 'taskMap': {'distribution': [{'task': 'distribution', 'queryPhrase': [], 'operator': None, 'values': None, 'attributes': ['Salary'], 'inferenceType': 'implicit', 'followup_type': None}]}, 'followUpQuery': True, 'contextObj': None, 'attributeMapping': {'Salary': {'salary': 1}}, 'followUpConfidence': None, 'ambiguity': {'attribute': {}, 'value': {}}, 'dialogId': '0', 'queryId': '2'}"
euro.csv	euro.json	Correlate goals and salary	0	0	"{'query_raw': 'Correlate goals and salary', 'query': 'correlate goal and salary', 'dataset': '../../assets/data/euro.csv', 'alias': None, 'visList': [{'attributes': ['Salary', 'Goals'], 'queryPhrase': None, 'visType': None, 'tasks': ['correlation'], 'inferenceType': 'implicit', 'vlSpec': {'$schema': 'https://vega.github.io/schema/vega-lite/v6.json', 'mark': {'type': 'point', 'tooltip': True}, 'encoding': {'x': {'field': 'Salary', 'type': 'quantitative', 'axis': {'format': 's'}}, 'y': {'field': 'Goals', 'type': 'quantitative', 'axis': {'format': 's'}}, 'tooltip': {'field': 'Name'}}, 'transform': [], 'data': {'url': '../../assets/data/euro.csv', 'format': {'type': 'csv'}}}}], 'attributeMap': {'Salary': {'name': 'Salary', 'queryPhrase': ['salary'], 'inferenceType': 'explicit', 'isAmbiguous': False, 'ambiguity': []}, 'Goals': {'name': 'Goals', 'queryPhrase': ['goal'], 'inferenceType': 'explicit', 'isAmbiguous': False, 'ambiguity': []}}, 'taskMap': {'correlation': [{'task': 'correlation', 'queryPhrase': 'correlate', 'operator': None, 'values': [], 'attributes': ['Salary', 'Goals'], 'inferenceType': 'explicit', 'followup_type': 'nothing'}]}, 'followUpQuery': True, 'contextObj': None, 'attributeMapping': {'Salary': {'salary': 1}, 'Goals': {'goal': 1}}, 'followUpConfidence': None, 'ambiguity': {'attribute': {}, 'value': {}}, 'dialogId': '0', 'queryId': '0'}"
euro.csv	euro.json	Group by foot	0	1	"{'query_raw': 'Group by foot', 'query': 'group by foot', 'dataset': '../../assets/data/euro.csv', 'alias': None, 'visList': [{'attributes': ['Salary', 'Goals', 'Foot'], 'queryPhrase': None, 'visType': None, 'tasks': ['correlation'], 'inferenceType': 'implicit', 'vlSpec': {'$schema': 'https://vega.github.io/schema/vega-lite/v6.json', 'mark': {'type': 'point', 'tooltip': True}, 'encoding': {'x': {'field': 'Salary', 'type': 'quantitative', 'axis': {'format': 's'}}, 'y': {'field': 'Goals', 'type': 'quantitative', 'axis': {'format': 's'}}, 'color': {'field': 'Foot', 'type': 'nominal'}, 'tooltip': {'field': 'Name'}}, 'transform': [], 'data': {'url': '../../assets/data/euro.csv', 'format': {'type': 'csv'}}}}, {'attributes': ['Salary', 'Goals', 'Foot'], 'queryPhrase': None, 'visType': None, 'tasks': ['correlation'], 'inferenceType': 'implicit', 'vlSpec': {'$schema': 'https://vega.github.io/schema/vega-lite/v6.json', 'mark': {'type': 'point', 'tooltip': True}, 'encoding': {'x': {'field': 'Salary', 'type': 'quantitative', 'axis': {'format': 's'}}, 'y': {'field': 'Goals', 'type': 'quantitative', 'axis': {'format': 's'}}, 'column': {'field': 'Foot', 'type': 'nominal'}, 'color': {'field': 'Foot', 'type': 'nominal'}, 'tooltip': {'field': 'Name'}}, 'transform': [], 'data': {'url': '../../assets/data/euro.csv', 'format': {'type': 'csv'}}}}], 'attributeMap': {'Salary': {'name': 'Salary', 'queryPhrase': ['salary'], 'inferenceType': 'explicit', 'isAmbiguous': False, 'ambiguity': []}, 'Goals': {'name': 'Goals', 'queryPhrase': ['goal'], 'inferenceType': 'explicit', 'isAmbiguous': False, 'ambiguity': []}, 'Foot': {'name': 'Foot', 'queryPhrase': ['foot'], 'inferenceType': 'explicit', 'isAmbiguous': False, 'ambiguity': []}}, 'taskMap': {'correlation': [{'task': 'correlation', 'queryPhrase': [], 'operator': None, 'values': None, 'attributes': ['Salary', 'Goals'], 'inferenceType': 'implicit', 'followup_type': None}]}, 'followUpQuery': True, 'contextObj': None, 'attributeMapping': {'Salary': {'salary': 1}, 'Goals': {'goal': 1}, 'Foot': {'foot': 1}}, 'followUpConfidence': None, 'ambiguity': {'attribute': {}, 'value': {}}, 'dialogId': '0', 'queryId': '1'}"
euro.csv	euro.json	Show only left footed players	0	2	"{'query_raw': 'Show only left footed players', 'query': 'show only left footed player', 'dataset': '../../assets/data/euro.csv', 'alias': None, 'visList': [{'attributes': ['Salary', 'Goals', 'Foot'], 'queryPhrase': None, 'visType': None, 'tasks': ['correlation', 'filter'], 'inferenceType': 'implicit', 'vlSpec': {'$schema': 'https://vega.github.io/schema/vega-lite/v6.json', 'mark': {'type': 'point', 'tooltip': True}, 'encoding': {'x': {'field': 'Salary', 'type': 'quantitative', 'axis': {'format': 's'}}, 'y': {'field': 'Goals', 'type': 'quantitative', 'axis': {'format': 's'}}, 'color': {'field': 'Foot', 'type': 'nominal'}, 'tooltip': {'field': 'Name'}}, 'transform': [{'filter': {'field': 'Foot', 'oneOf': ['Left']}}], 'data': {'url': '../../assets/data/euro.csv', 'format': {'type': 'csv'}}}}, {'attributes': ['Salary', 'Goals', 'Foot'], 'queryPhrase': None, 'visType': None, 'tasks': ['correlation', 'filter'], 'inferenceType': 'implicit', 'vlSpec': {'$schema': 'https://vega.github.io/schema/vega-lite/v6.json', 'mark': {'type': 'point', 'tooltip': True}, 'encoding': {'x': {'field': 'Salary', 'type': 'quantitative', 'axis': {'format': 's'}}, 'y': {'field': 'Goals', 'type': 'quantitative', 'axis': {'format': 's'}}, 'column': {'field': 'Foot', 'type': 'nominal'}, 'color': {'field': 'Foot', 'type': 'nominal'}, 'tooltip': {'field': 'Name'}}, 'transform': [{'filter': {'field': 'Foot', 'oneOf': ['Left']}}], 'data': {'url': '../../assets/data/euro.csv', 'format': {'type': 'csv'}}}}], 'attributeMap': {'Foot': {'name': 'Foot', 'queryPhrase': ['left'], 'inferenceType': 'implicit', 'isAmbiguous': False, 'ambiguity': []}, 'Salary': {'name': 'Salary', 'queryPhrase': ['salary'], 'inferenceType': 'explicit', 'isAmbiguous': False, 'ambiguity': []}, 'Goals': {'name': 'Goals', 'queryPhrase': ['goal'], 'inferenceType': 'explicit', 'isAmbiguous': False, 'ambiguity': []}}, 'taskMap': {'correlation': [{'task': 'correlation', 'queryPhrase': [], 'operator': None, 'values': None, 'attributes': ['Salary', 'Goals'], 'inferenceType': 'implicit', 'followup_type': None}], 'filter': [{'task': 'filter', 'queryPhrase': ['left'], 'operator': 'IN', 'values': ['Left'], 'attributes': ['Foot'], 'inferenceType': 'explicit', 'followup_type': 'nothing'}]}, 'followUpQuery': True, 'contextObj': None, 'attributeMapping': {'Foot': {'left': 0.5}, 'Salary': {'salary': 1}, 'Goals': {'goal': 1}}, 'followUpConfidence': None, 'ambiguity': {'attribute': {}, 'value': {}}, 'dialogId': '0', 'queryId': '2'}"
euro.csv	euro.json	Also show only the forwards	0	3	"{'query_raw': 'Also show only the forwards', 'query': 'also show only the forward', 'dataset': '../../assets/data/euro.csv', 'alias': None, 'visList': [{'attributes': ['Salary', 'Goals', 'Foot'], 'queryPhrase': None, 'visType': None, 'tasks': ['correlation', 'filter'], 'inferenceType': 'implicit', 'vlSpec': {'$schema': 'https://vega.github.io/schema/vega-lite/v6.json', 'mark': {'type': 'point', 'tooltip': True}, 'encoding': {'x': {'field': 'Salary', 'type': 'quantitative', 'axis': {'format': 's'}}, 'y': {'field': 'Goals', 'type': 'quantitative', 'axis': {'format': 's'}}, 'color': {'field': 'Foot', 'type': 'nominal'}, 'tooltip': {'field': 'Name'}}, 'transform': [{'filter': {'field': 'Foot', 'oneOf': ['Left']}}, {'filter': {'field': 'Position', 'oneOf': ['Forward']}}], 'data': {'url': '../../assets/data/euro.csv', 'format': {'type': 'csv'}}}}, {'attributes': ['Salary', 'Goals', 'Foot'], 'queryPhrase': None, 'visType': None, 'tasks': ['correlation', 'filter'], 'inferenceType': 'implicit', 'vlSpec': {'$schema': 'https://vega.github.io/schema/vega-lite/v6.json', 'mark': {'type': 'point', 'tooltip': True}, 'encoding': {'x': {'field': 'Salary', 'type': 'quantitative', 'axis': {'format': 's'}}, 'y': {'field': 'Goals', 'type': 'quantitative', 'axis': {'format': 's'}}, 'column': {'field': 'Foot', 'type': 'nominal'}, 'color': {'field': 'Foot', 'type': 'nominal'}, 'tooltip': {'field': 'Name'}}, 'transform': [{'filter': {'field': 'Foot', 'oneOf': ['Left']}}, {'filter': {'field': 'Position', 'oneOf': ['Forward']}}], 'data': {'url': '../../assets/data/euro.csv', 'format': {'type': 'csv'}}}}], 'attributeMap': {'Position': {'name': 'Position', 'queryPhrase': ['forward'], 'inferenceType': 'implicit', 'isAmbiguous': False, 'ambiguity': []}, 'Foot': {'name': 'Foot', 'queryPhrase': ['left'], 'inferenceType': 'implicit', 'isAmbiguous': False, 'ambiguity': []}, 'Salary': {'name': 'Salary', 'queryPhrase': ['salary'], 'inferenceType': 'explicit', 'isAmbiguous': False, 'ambiguity': []}, 'Goals': {'name': 'Goals', 'queryPhrase': ['goal'], 'inferenceType': 'explicit', 'isAmbiguous': False, 'ambiguity': []}}, 'taskMap': {'correlation': [{'task': 'correlation', 'queryPhrase': [], 'operator': None, 'values': None, 'attributes': ['Salary', 'Goals'], 'inferenceType': 'implicit', 'followup_type': None}], 'filter': [{'task': 'filter', 'queryPhrase': ['left'], 'operator': 'IN', 'values': ['Left'], 'attributes': ['Foot'], 'inferenceType': 'explicit', 'followup_type': 'nothing'}, {'task': 'filter', 'queryPhrase': ['forward'], 'operator': 'IN', 'values': ['Forward'], 'attributes': ['Position'], 'inferenceType': 'explicit', 'followup_type': 'nothing'}]}, 'followUpQuery': True, 'contextObj': None, 'attributeMapping': {'Position': {'forward': 0.5}, 'Foot': {'left': 0.5}, 'Salary': {'salary': 1}, 'Goals': {'goal': 1}}, 'followUpConfidence': None, 'ambiguity': {'attribute': {}, 'value': {}}, 'dialogId': '0', 'queryId': '3'}"
superstore.csv	superstore.json	Show the average profit for each state	0	0	"{'query_raw': 'Show the average profit for each state', 'query': 'show the average profit for each state', 'dataset': '../../assets/data/superstore.csv', 'alias': None, 'visList': [{'attributes': ['Profit', 'State'], 'queryPhrase': None, 'visType': None, 'tasks': ['derived_value'], 'inferenceType': 'implicit', 'vlSpec': {'$schema': 'https://vega.github.io/schema/vega-lite/v6.json', 'mark': {'type': 'bar', 'tooltip': True}, 'encoding': {'y': {'field': 'Profit', 'type': 'quantitative', 'aggregate': 'mean', 'axis': {'format': 's'}}, 'x': {'field': 'State', 'type': 'nominal'}}, 'transform': [], 'data': {'url': '../../assets/data/superstore.csv', 'format': {'type': 'csv'}}}}], 'attributeMap': {'Profit': {'name': 'Profit', 'queryPhrase': ['profit'], 'inferenceType': 'explicit', 'isAmbiguous': False, 'ambiguity': []}, 'State': {'name': 'State', 'queryPhrase': ['state'], 'inferenceType': 'explicit', 'isAmbiguous': False, 'ambiguity': []}}, 'taskMap': {'derived_value': [{'task': 'derived_value', 'queryPhrase': 'average', 'operator': 'AVG', 'values': [], 'attributes': ['Profit'], 'inferenceType': 'explicit', 'followup_type': 'nothing'}]}, 'followUpQuery': True, 'contextObj': None, 'attributeMapping': {'Profit': {'profit': 1}, 'State': {'state': 1}}, 'followUpConfidence': None, 'ambiguity': {'attribute': {}, 'value': {}}, 'dialogId': '0', 'queryId': '0'}"
superstore.csv	superstore.json	Display the total instead of the average	0	1	"{'query_raw': 'Display the total instead of the average', 'query': 'display the total instead of the average', 'dataset': '../../assets/data/superstore.csv', 'alias': None, 'visList': [{'attributes': ['Profit', 'State'], 'queryPhrase': None, 'visType': None, 'tasks': ['derived_value'], 'inferenceType': 'implicit', 'vlSpec': {'$schema': 'https://vega.github.io/schema/vega-lite/v6.json', 'mark': {'type': 'bar', 'tooltip': True}, 'encoding': {'y': {'field': 'Profit', 'type': 'quantitative', 'aggregate': 'sum', 'axis': {'format': 's'}}, 'x': {'field': 'State', 'type': 'nominal'}}, 'transform': [], 'data': {'url': '../../assets/data/superstore.csv', 'format': {'type': 'csv'}}}}], 'attributeMap': {'Profit': {'name': 'Profit', 'queryPhrase': ['profit'], 'inferenceType': 'explicit', 'isAmbiguous': False, 'ambiguity': []}, 'State': {'name': 'State', 'queryPhrase': ['state'], 'inferenceType': 'explicit', 'isAmbiguous': False, 'ambiguity': []}}, 'taskMap': {'derived_value': [{'task': 'derived_value', 'queryPhrase': 'total', 'operator': 'SUM', 'values': [], 'attributes': ['Profit'], 'inferenceType': 'explicit', 'followup_type': 'nothing'}]}, 'followUpQuery': True, 'contextObj': None, 'attributeMapping': {'Profit': {'profit': 1}, 'State': {'state': 1}}, 'followUpConfidence': None, 'ambiguity': {'attribute': {}, 'value': {}}, 'dialogId': '0', 'queryId': '1'}"
superstore.csv	superstore.json	Show the visualization with each category as well	0	2	"{'query_raw': 'Show the visualization with each category as well', 'query': 'show the visualization with each category a well', 'dataset': '../../assets/data/superstore.csv', 'alias': None, 'visList': [{'attributes': ['Profit', 'Category', 'State'], 'queryPhrase': None, 'visType': None, 'tasks': ['derived_value'], 'inferenceType': 'implicit', 'vlSpec': {'$schema': 'https://vega.github.io/schema/vega-lite/v6.json', 'mark': {'type': 'bar', 'tooltip': True}, 'encoding': {'y': {'field': 'Profit', 'type': 'quantitative', 'aggregate': 'sum', 'axis': {'format': 's'}}, 'x': {'field': 'Category', 'type': 'nominal'}, 'color': {'field': 'State', 'type': 'nominal'}}, 'transform': [], 'data': {'url': '../../assets/data/superstore.csv', 'format': {'type': 'csv'}}}}, {'attributes': ['Profit', 'Category', 'State'], 'queryPhrase': None, 'visType': None, 'tasks': ['derived_value'], 'inferenceType': 'implicit', 'vlSpec': {'$schema': 'https://vega.github.io/schema/vega-lite/v6.json', 'mark': {'type': 'bar', 'tooltip': True}, 'encoding': {'y': {'field': 'Profit', 'type': 'quantitative', 'aggregate': 'sum', 'axis': {'format': 's'}}, 'column': {'field': 'Category', 'type': 'nominal'}, 'x': {'field': 'State', 'type': 'nominal'}, 'color': {'field': 'Category', 'type': 'nominal'}}, 'transform': [], 'data': {'url': '../../assets/data/superstore.csv', 'format': {'type': 'csv'}}}}, {'attributes': ['Profit', 'Category', 'State'], 'queryPhrase': None, 'visType': None, 'tasks': ['derived_value'], 'inferenceType': 'implicit', 'vlSpec': {'$schema': 'https://vega.github.io/schema/vega-lite/v6.json', 'mark': {'type': 'point', 'tooltip': True}, 'encoding': {'size': {'field': 'Profit', 'type': 'quantitative', 'aggregate': 'sum'}, 'x': {'field': 'Category', 'type': 'nominal'}, 'y': {'field': 'State', 'type': 'nominal'}}, 'transform': [], 'data': {'url': '../../assets/data/superstore.csv', 'format': {'type': 'csv'}}}}], 'attributeMap': {'Category': {'name': 'Category', 'queryPhrase': ['category'], 'inferenceType': 'explicit', 'isAmbiguous': False, 'ambiguity': []}, 'Profit': {'name': 'Profit', 'queryPhrase': ['profit'], 'inferenceType': 'explicit', 'isAmbiguous': False, 'ambiguity': []}, 'State': {'name': 'State', 'queryPhrase': ['state'], 'inferenceType': 'explicit', 'isAmbiguous': False, 'ambiguity': []}}, 'taskMap': {'derived_value': [{'task': 'derived_value', 'queryPhrase': 'total', 'operator': 'SUM', 'values': [], 'attributes': ['Profit'], 'inferenceType': 'explicit', 'followup_type': 'nothing'}]}, 'followUpQuery': True, 'contextObj': None, 'attributeMapping': {'Category': {'category': 1}, 'Profit': {'profit': 1}, 'State': {'state': 1}}, 'followUpConfidence': None, 'ambiguity': {'attribute': {}, 'value': {}}, 'dialogId': '0', 'queryId': '2'}"
superstore.csv	superstore.json	Correlate sales and profit	0	0	"{'query_raw': 'Correlate sales and profit', 'query': 'correlate sale and profit', 'dataset': '../../assets/data/superstore.csv', 'alias': None, 'visList': [{'attributes': ['Profit', 'Sales'], 'queryPhrase': None, 'visType': None, 'tasks': ['correlation'], 'inferenceType': 'implicit', 'vlSpec': {'$schema': 'https://vega.github.io/schema/vega-lite/v6.json', 'mark': {'type': 'point', 'tooltip': True}, 'encoding': {'x': {'field': 'Profit', 'type': 'quantitative', 'axis': {'format': 's'}}, 'y': {'field': 'Sales', 'type': 'quantitative', 'axis': {'format': 's'}}}, 'transform': [], 'data': {'url': '../../assets/data/superstore.csv', 'format': {'type': 'csv'}}}}], 'attributeMap': {'Profit': {'name': 'Profit', 'queryPhrase': ['profit'], 'inferenceType': 'explicit', 'isAmbiguous': False, 'ambiguity': []}, 'Sales': {'name': 'Sales', 'queryPhrase': ['sale'], 'inferenceType': 'explicit', 'isAmbiguous': False, 'ambiguity': []}}, 'taskMap': {'correlation': [{'task': 'correlation', 'queryPhrase': 'correlate', 'operator': None, 'values': [], 'attributes': ['Profit', 'Sales'], 'inferenceType': 'explicit', 'followup_type': 'nothing'}]}, 'followUpQuery': True, 'contextObj': None, 'attributeMapping': {'Profit': {'profit': 1}, 'Sales': {'sale': 1}}, 'followUpConfidence': None, 'ambiguity': {'attribute': {}, 'value': {}}, 'dialogId': '0', 'queryId': '0'}"
superstore.csv	superstore.json	Group by region	0	1	"{'query_raw': 'Group by region', 'query': 'group by region', 'dataset': '../../assets/data/superstore.csv', 'alias': None, 'visList': [{'attributes': ['Profit', 'Sales', 'Region'], 'queryPhrase': None, 'visType': None, 'tasks': ['correlation'], 'inferenceType': 'implicit', 'vlSpec': {'$schema': 'https://vega.github.io/schema/vega-lite/v6.json', 'mark': {'type': 'point', 'tooltip': True}, 'encoding': {'x': {'field': 'Profit', 'type': 'quantitative', 'axis': {'format': 's'}}, 'y': {'field': 'Sales', 'type': 'quantitative', 'axis': {'format': 's'}}, 'color': {'field': 'Region', 'type': 'nominal'}}, 'transform': [], 'data': {'url': '../../assets/data/superstore.csv', 'format': {'type': 'csv'}}}}, {'attributes': ['Profit', 'Sales', 'Region'], 'queryPhrase': None, 'visType': None, 'tasks': ['correlation'], 'inferenceType': 'implicit', 'vlSpec': {'$schema': 'https://vega.github.io/schema/vega-lite/v6.json', 'mark': {'type': 'point', 'tooltip': True}, 'encoding': {'x': {'field': 'Profit', 'type': 'quantitative', 'axis': {'format': 's'}}, 'y': {'field': 'Sales', 'type': 'quantitative', 'axis': {'format': 's'}}, 'column': {'field': 'Region', 'type': 'nominal'}, 'color': {'field': 'Region', 'type': 'nominal'}}, 'transform': [], 'data': {'url': '../../assets/data/superstore.csv', 'format': {'type': 'csv'}}}}], 'attributeMap': {'Profit': {'name': 'Profit', 'queryPhrase': ['profit'], 'inferenceType': 'explicit', 'isAmbiguous': False, 'ambiguity': []}, 'Sales': {'name': 'Sales', 'queryPhrase': ['sale'], 'inferenceType': 'explicit', 'isAmbiguous': False, 'ambiguity': []}, 'Region': {'name': 'Region', 'queryPhrase': ['region'], 'inferenceType': 'explicit', 'isAmbiguous': False, 'ambiguity': []}}, 'taskMap': {'correlation': [{'task': 'correlation', 'queryPhrase': [], 'operator': None, 'values': None, 'attributes': ['Profit', 'Sales'], 'inferenceType': 'implicit', 'followup_type': None}]}, 'followUpQuery': True, 'contextObj': None, 'attributeMapping': {'Profit': {'profit': 1}, 'Sales': {'sale': 1}, 'Region': {'region': 1}}, 'followUpConfidence': None, 'ambiguity': {'attribute': {}, 'value': {}}, 'dialogId': '0', 'queryId': '1'}"
superstore.csv	superstore.json	Show category instead of region	0	2	"{'query_raw': 'Show category instead of region', 'query': 'show category instead of region', 'dataset': '../../assets/data/superstore.csv', 'alias': None, 'visList': [{'attributes': ['Profit', 'Sales', 'Category'], 'queryPhrase': None, 'visType': None, 'tasks': ['correlation'], 'inferenceType': 'implicit', 'vlSpec': {'$schema': 'https://vega.github.io/schema/vega-lite/v6.json', 'mark': {'type': 'point', 'tooltip': True}, 'encoding': {'x': {'field': 'Profit', 'type': 'quantitative', 'axis': {'format': 's'}}, 'y': {'field': 'Sales', 'type': 'quantitative', 'axis': {'format': 's'}}, 'color': {'field': 'Category', 'type': 'nominal'}}, 'transform': [], 'data': {'url': '../../assets/data/superstore.csv', 'format': {'type': 'csv'}}}}, {'attributes': ['Profit', 'Sales', 'Category'], 'queryPhrase': None, 'visType': None, 'tasks': ['correlation'], 'inferenceType': 'implicit', 'vlSpec': {'$schema': 'https://vega.github.io/schema/vega-lite/v6.json', 'mark': {'type': 'point', 'tooltip': True}, 'encoding': {'x': {'field': 'Profit', 'type': 'quantitative', 'axis': {'format': 's'}}, 'y': {'field': 'Sales', 'type': 'quantitative', 'axis': {'format': 's'}}, 'column': {'field': 'Category', 'type': 'nominal'}, 'color': {'field': 'Category', 'type': 'nominal'}}, 'transform': [], 'data': {'url': '../../assets/data/superstore.csv', 'format': {'type': 'csv'}}}}], 'attributeMap': {'Profit': {'name': 'Profit', 'queryPhrase': ['profit'], 'inferenceType': 'explicit', 'isAmbiguous': False, 'ambiguity': []}, 'Sales': {'name': 'Sales', 'queryPhrase': ['sale'], 'inferenceType': 'explicit', 'isAmbiguous': False, 'ambiguity': []}, 'Category': {'name': 'Category', 'queryPhrase': ['category'], 'inferenceType': 'explicit', 'isAmbiguous': False, 'ambiguity': []}}, 'taskMap': {'correlation': [{'task': 'correlation', 'queryPhrase': [], 'operator': None, 'values': None, 'attributes': ['Profit', 'Sales'], 'inferenceType': 'implicit', 'followup_type': None}]}, 'followUpQuery': True, 'contextObj': None, 'attributeMapping': {'Profit': {'profit': 1}, 'Sales': {'sale': 1}, 'Category': {'category': 1}}, 'followUpConfidence': None, 'ambiguity': {'attribute': {}, 'value': {}}, 'dialogId': '0', 'queryId': '2'}"
superstore.csv	superstore.json	Display the total amount of items for each category	0	0	"{'query_raw': 'Display the total amount of items for each category', 'query': 'display the total amount of item for each category', 'dataset': '../../assets/data/superstore.csv', 'alias': None, 'visList': [{'attributes': ['Quantity', 'Category'], 'queryPhrase': None, 'visType': None, 'tasks': ['derived_value'], 'inferenceType': 'implicit', 'vlSpec': {'$schema': 'https://vega.github.io/schema/vega-lite/v6.json', 'mark': {'type': 'bar', 'tooltip': True}, 'encoding': {'y': {'field': 'Quantity', 'type': 'quantitative', 'aggregate': 'sum', 'axis': {'format': 's'}}, 'x': {'field': 'Category', 'type': 'nominal'}}, 'transform': [], 'data': {'url': '../../assets/data/superstore.csv', 'format': {'type': 'csv'}}}}], 'attributeMap': {'Category': {'name': 'Category', 'queryPhrase': ['category'], 'inferenceType': 'explicit', 'isAmbiguous': False, 'ambiguity': []}, 'Quantity': {'name': 'Quantity', 'queryPhrase': ['amount'], 'inferenceType': 'explicit', 'isAmbiguous': False, 'ambiguity': []}}, 'taskMap': {'derived_value': [{'task': 'derived_value', 'queryPhrase': 'total', 'operator': 'SUM', 'values': [], 'attributes': ['Quantity'], 'inferenceType': 'explicit', 'followup_type': 'nothing'}]}, 'followUpQuery': True, 'contextObj': None, 'attributeMapping': {'Category': {'category': 1}, 'Quantity': {'amount': 0.5}}, 'followUpConfidence': None, 'ambiguity': {'attribute': {}, 'value': {}}, 'dialogId': '0', 'queryId': '0'}"
superstore.csv	superstore.json	Only show the items from California	0	1	"{'query_raw': 'Only show the items from California', 'query': 'only show the item from california', 'dataset': '../../assets/data/superstore.csv', 'alias': None, 'visList': [{'attributes': ['Quantity', 'Category'], 'queryPhrase': None, 'visType': None, 'tasks': ['derived_value', 'filter'], 'inferenceType': 'implicit', 'vlSpec': {'$schema': 'https://vega.github.io/schema/vega-lite/v6.json', 'mark': {'type': 'bar', 'tooltip': True}, 'encoding': {'y': {'field': 'Quantity', 'type': 'quantitative', 'aggregate': 'sum', 'axis': {'format': 's'}}, 'x': {'field': 'Category', 'type': 'nominal'}}, 'transform': [{'filter': {'field': 'State', 'oneOf': ['California']}}], 'data': {'url': '../../assets/data/superstore.csv', 'format': {'type': 'csv'}}}}], 'attributeMap': {'State': {'name': 'State', 'queryPhrase': ['california'], 'inferenceType': 'implicit', 'isAmbiguous': False, 'ambiguity': []}, 'Category': {'name': 'Category', 'queryPhrase': ['category'], 'inferenceType': 'explicit', 'isAmbiguous': False, 'ambiguity': []}, 'Quantity': {'name': 'Quantity', 'queryPhrase': ['amount'], 'inferenceType': 'explicit', 'isAmbiguous': False, 'ambiguity': []}}, 'taskMap': {'derived_value': [{'task': 'derived_value', 'queryPhrase': 'total', 'operator': 'SUM', 'values': [], 'attributes': ['Quantity'], 'inferenceType': 'explicit', 'followup_type': 'nothing'}], 'filter': [{'task': 'filter', 'queryPhrase': ['california'], 'operator': 'IN', 'values': ['California'], 'attributes': ['State'], 'inferenceType': 'explicit', 'followup_type': 'nothing'}]}, 'followUpQuery': True, 'contextObj': None, 'attributeMapping': {'State': {'california': 0.5}, 'Category': {'category': 1}, 'Quantity': {'amount': 0.5}}, 'followUpConfidence': None, 'ambiguity': {'attribute': {}, 'value': {}}, 'dialogId': '0', 'queryId': '1'}"
superstore.csv	superstore.json	Add segment to the visualization now	0	2	"{'query_raw': 'Add segment to the visualization now', 'query': 'add segment to the visualization now', 'dataset': '../../assets/data/superstore.csv', 'alias': None, 'visList': [{'attributes': ['Quantity', 'Category', 'Segment'], 'queryPhrase': None, 'visType': None, 'tasks': ['derived_value', 'filter'], 'inferenceType': 'implicit', 'vlSpec': {'$schema': 'https://vega.github.io/schema/vega-lite/v6.json', 'mark': {'type': 'bar', 'tooltip': True}, 'encoding': {'y': {'field': 'Quantity', 'type': 'quantitative', 'aggregate': 'sum', 'axis': {'format': 's'}}, 'x': {'field': 'Category', 'type': 'nominal'}, 'color': {'field': 'Segment', 'type': 'nominal'}}, 'transform': [{'filter': {'field': 'State', 'oneOf': ['California']}}], 'data': {'url': '../../assets/data/superstore.csv', 'format': {'type': 'csv'}}}}, {'attributes': ['Quantity', 'Category', 'Segment'], 'queryPhrase': None, 'visType': None, 'tasks': ['derived_value', 'filter'], 'inferenceType': 'implicit', 'vlSpec': {'$schema': 'https://vega.github.io/schema/vega-lite/v6.json', 'mark': {'type': 'bar', 'tooltip': True}, 'encoding': {'y': {'field': 'Quantity', 'type': 'quantitative', 'aggregate': 'sum', 'axis': {'format': 's'}}, 'column': {'field': 'Category', 'type': 'nominal'}, 'x': {'field': 'Segment', 'type': 'nominal'}, 'color': {'field': 'Category', 'type': 'nominal'}}, 'transform': [{'filter': {'field': 'State', 'oneOf': ['California']}}], 'data': {'url': '../../assets/data/superstore.csv', 'format': {'type': 'csv'}}}}, {'attributes': ['Quantity', 'Category', 'Segment'], 'queryPhrase': None, 'visType': None, 'tasks': ['derived_value', 'filter'], 'inferenceType': 'implicit', 'vlSpec': {'$schema': 'https://vega.github.io/schema/vega-lite/v6.json', 'mark': {'type': 'point', 'tooltip': True}, 'encoding': {'size': {'field': 'Quantity', 'type': 'quantitative', 'aggregate': 'sum'}, 'x': {'field': 'Category', 'type': 'nominal'}, 'y': {'field': 'Segment', 'type': 'nominal'}}, 'transform': [{'filter': {'field': 'State', 'oneOf': ['California']}}], 'data': {'url': '../../assets/data/superstore.csv', 'format': {'type': 'csv'}}}}], 'attributeMap': {'State': {'name': 'State', 'queryPhrase': ['california'], 'inferenceType': 'implicit', 'isAmbiguous': False, 'ambiguity': []}, 'Category': {'name': 'Category', 'queryPhrase': ['category'], 'inferenceType': 'explicit', 'isAmbiguous': False, 'ambiguity': []}, 'Quantity': {'name': 'Quantity', 'queryPhrase': ['amount'], 'inferenceType': 'explicit', 'isAmbiguous': False, 'ambiguity': []}, 'Segment': {'name': 'Segment', 'queryPhrase': ['segment'], 'inferenceType': 'explicit', 'isAmbiguous': False, 'ambiguity': []}}, 'taskMap': {'derived_value': [{'task': 'derived_value', 'queryPhrase': 'total', 'operator': 'SUM', 'values': [], 'attributes': ['Quantity'], 'inferenceType': 'explicit', 'followup_type': 'nothing'}], 'filter': [{'task': 'filter', 'queryPhrase': ['california'], 'operator': 'IN', 'values': ['California'], 'attributes': ['State'], 'inferenceType': 'explicit', 'followup_type': 'nothing'}]}, 'followUpQuery': True, 'contextObj': None, 'attributeMapping': {'State': {'california': 0.5}, 'Category': {'category': 1}, 'Quantity': {'amount': 0.5}, 'Segment': {'segment': 1}}, 'followUpConfidence': None, 'ambiguity': {'attribute': {}, 'value': {}}, 'dialogId': '0', 'queryId': '2'}"