Title,Worldwide Gross,Production Budget,Release Year,Content Rating,Running Time,Genre,Creative Type,Rotten Tomatoes Rating,IMDB Rating
From Dusk Till Dawn,25728961,20000000,1996,R,107,Horror,Fantasy,63,7.1
Broken Arrow,148345997,65000000,1996,R,108,Action,Contemporary Fiction,55,5.8
City Hall,20278055,40000000,1996,R,111,Drama,Contemporary Fiction,55,6.1
Happy Gilmore,38623460,10000000,1996,PG-13,92,Comedy,Contemporary Fiction,58,6.9
Fargo,51204567,7000000,1996,R,87,Thriller,Contemporary Fiction,94,8.3
The Craft,55669466,15000000,1996,R,100,Thriller,Fantasy,45,5.9
Twister,495900000,88000000,1996,PG-13,117,Action,Contemporary Fiction,57,6
Dragonheart,104364680,57000000,1996,PG-13,108,Adventure,Fantasy,50,6.2
The Phantom,17220599,45000000,1996,PG,100,Action,Super Hero,43,4.8
The Rock,336069511,75000000,1996,R,136,Action,Contemporary Fiction,66,7.2
The Cable Guy,102825796,47000000,1996,PG-13,95,Comedy,Contemporary Fiction,52,5.8
Eraser,234400000,100000000,1996,R,115,Action,Contemporary Fiction,34,5.9
The Hunchback of Notre Dame,325500000,100000000,1996,G,86,Adventure,Historical Fiction,73,6.5
The Nutty Professor,273814019,55000000,1996,PG-13,95,Comedy,Kids Fiction,67,5.6
Striptease,32773011,50000000,1996,R,115,Comedy,Contemporary Fiction,12,3.9
Independence Day,817400878,75000000,1996,PG-13,145,Adventure,Science Fiction,61,6.5
Phenomenon,142836382,32000000,1996,PG,124,Drama,Contemporary Fiction,50,6.3
Courage Under Fire,100833145,46000000,1996,R,115,Drama,Historical Fiction,85,6.6
Multiplicity,20133326,45000000,1996,PG-13,117,Comedy,Science Fiction,44,5.7
Trainspotting,24000785,3100000,1996,R,94,Drama,Contemporary Fiction,89,8.2
A Time to Kill,152266007,40000000,1996,R,150,Drama,Contemporary Fiction,68,7.1
Kingpin,32223424,25000000,1996,R,113,Comedy,Contemporary Fiction,51,6.7
The Adventures of Pinocchio,36682170,25000000,1996,G,94,Adventure,Fantasy,27,5.3
Chain Reaction,60209334,55000000,1996,PG-13,106,Action,Contemporary Fiction,13,5.2
Escape from L.A.,25426861,50000000,1996,R,101,Action,Science Fiction,56,5.3
Jack,58617334,45000000,1996,PG-13,113,Drama,Contemporary Fiction,17,5.3
Tin Cup,75854588,45000000,1996,R,105,Romantic Comedy,Contemporary Fiction,69,6.1
The Fan,18582965,55000000,1996,R,117,Thriller,Contemporary Fiction,40,5.6
The Island of Dr. Moreau,27682712,40000000,1996,PG-13,95,Adventure,Science Fiction,23,4.1
The First Wives Club,181489203,30000000,1996,PG,90,Comedy,Contemporary Fiction,41,5.6
Extreme Measures,17378193,38000000,1996,R,117,Drama,Contemporary Fiction,55,5.9
That Thing You Do!,31748615,2500000,1996,PG,110,Drama,Historical Fiction,92,6.7
The Ghost and the Darkness,38564422,55000000,1996,R,109,Action,Dramatization,51,6.6
The Long Kiss Goodnight,33447612,65000000,1996,R,120,Action,Contemporary Fiction,69,6.6
Sleepers,165600852,44000000,1996,R,105,Drama,Dramatization,73,7.3
Set It Off,36049108,9000000,1996,R,120,Drama,Contemporary Fiction,61,6.3
Ransom,308700000,70000000,1996,R,121,Action,Contemporary Fiction,70,6.6
The Mirror Has Two Faces,41267469,42000000,1996,PG-13,127,Romantic Comedy,Contemporary Fiction,54,6
The English Patient,231716374,35000000,1996,R,160,Drama,Historical Fiction,83,7.3
Space Jam,250200000,80000000,1996,PG,87,Comedy,Kids Fiction,36,5.6
Jingle All the Way,129832389,60000000,1996,PG,89,Comedy,Kids Fiction,16,4.9
Shine,35811509,5500000,1996,PG-13,105,Drama,Dramatization,90,7.6
Daylight,158908290,80000000,1996,PG-13,115,Action,Contemporary Fiction,22,5.4
Mars Attacks!,101371017,80000000,1996,PG-13,110,Comedy,Science Fiction,50,6.3
Jerry Maguire,274000000,50000000,1996,R,138,Romantic Comedy,Contemporary Fiction,84,7.2
Beavis and Butt-head Do America,63118386,12000000,1996,PG-13,80,Comedy,Contemporary Fiction,71,6.6
My Fellow Americans,22331846,21500000,1996,PG-13,102,Comedy,Contemporary Fiction,50,6.3
Scream,173046663,15000000,1996,R,110,Horror,Contemporary Fiction,81,2.9
Evita,151947179,55000000,1996,PG,134,Musical,Dramatization,61,6.1
The Relic,33956608,60000000,1997,R,110,Horror,Science Fiction,32,5.4
Dante's Peak,178200000,115000000,1997,PG-13,108,Drama,Contemporary Fiction,28,5.6
Absolute Power,50068310,50000000,1997,R,120,Thriller,Contemporary Fiction,46,6.5
Donnie Brasco,55954997,35000000,1997,R,121,Drama,Dramatization,87,7.7
Liar Liar,302710615,45000000,1997,PG-13,87,Comedy,Contemporary Fiction,82,6.7
The Saint,169400000,90000000,1997,PG-13,116,Action,Contemporary Fiction,30,5.9
The Fifth Element,263900000,95000000,1997,PG-13,105,Action,Science Fiction,72,7.4
Con Air,224117573,80000000,1997,R,115,Action,Contemporary Fiction,57,6.6
Batman & Robin,238317814,125000000,1997,PG-13,130,Action,Super Hero,11,3.5
My Best Friend's Wedding,287200000,46000000,1997,PG-13,105,Comedy,Contemporary Fiction,72,6.2
Face/Off,241200000,80000000,1997,R,138,Action,Contemporary Fiction,93,7.3
Men in Black,587790539,90000000,1997,PG-13,98,Adventure,Science Fiction,91,7
Contact,165900000,90000000,1997,PG,150,Drama,Science Fiction,67,7.3
Air Force One,315268353,85000000,1997,R,124,Action,Contemporary Fiction,78,6.3
Air Bud,27555061,3000000,1997,PG,97,Comedy,Kids Fiction,45,4.6
Conspiracy Theory,137118990,80000000,1997,R,135,Thriller,Contemporary Fiction,51,6.5
The Full Monty,257938649,3500000,1997,R,90,Comedy,Contemporary Fiction,95,7.2
Cop Land,63706632,15000000,1997,R,105,Drama,Contemporary Fiction,71,6.9
Event Horizon,26673242,60000000,1997,R,95,Horror,Science Fiction,21,6.3
Money Talks,41076865,25000000,1997,R,95,Action,Contemporary Fiction,17,5.7
The Game,48265581,50000000,1997,R,128,Thriller,Contemporary Fiction,80,7.7
In & Out,83226569,35000000,1997,PG-13,92,Comedy,Contemporary Fiction,71,6.1
L.A. Confidential,110604977,35000000,1997,R,137,Drama,Historical Fiction,99,8.4
The Peacemaker,62967368,50000000,1997,R,123,Action,Contemporary Fiction,45,5.8
Boogie Nights,43111725,15000000,1997,R,152,Drama,Historical Fiction,92,7.9
Seven Years in Tibet,131445884,70000000,1997,PG-13,139,Drama,Dramatization,59,6.7
Eve's Bayou,14843425,5000000,1997,R,109,Drama,Historical Fiction,80,7
Starship Troopers,121100000,100000000,1997,R,129,Action,Science Fiction,60,7.1
Anastasia,139801410,53000000,1997,G,94,Musical,Factual,85,6.6
The Jackal,159356941,60000000,1997,R,124,Thriller,Contemporary Fiction,12,6
Midnight in the Garden of Good and Evil,25078937,35000000,1997,R,155,Drama,Contemporary Fiction,50,6.5
The Rainmaker,45916769,40000000,1997,PG-13,135,Drama,Contemporary Fiction,84,6.9
Flubber,177993801,80000000,1997,PG,93,Comedy,Kids Fiction,17,4.6
Amistad,44212592,40000000,1997,R,152,Drama,Dramatization,77,7.1
Scream 2,101363301,24000000,1997,R,120,Horror,Contemporary Fiction,80,5.9
The Apostle,21277770,5000000,1997,PG-13,148,Drama,Contemporary Fiction,91,7.1
Titanic,1842879955,200000000,1997,PG-13,194,Thriller,Historical Fiction,82,7.4
Tomorrow Never Dies,339504276,110000000,1997,PG-13,119,Action,Contemporary Fiction,55,6.4
As Good as it Gets,314111923,50000000,1997,PG-13,138,Romantic Comedy,Contemporary Fiction,85,7.8
Jackie Brown,72673162,12000000,1997,R,154,Drama,Contemporary Fiction,85,7.6
The Postman,17650704,80000000,1997,R,177,Action,Science Fiction,10,5.5
Wag the Dog,64252038,15000000,1997,R,120,Drama,Contemporary Fiction,84,7
The Replacement Killers,19035741,30000000,1998,R,86,Action,Contemporary Fiction,39,5.9
Sphere,50168294,73000000,1998,PG-13,132,Horror,Science Fiction,12,5.6
The Big Lebowski,46189568,15000000,1998,R,127,Comedy,Contemporary Fiction,78,8.2
Primary Colors,39017984,65000000,1998,R,143,Comedy,Dramatization,80,6.7
Lost In Space,136117629,80000000,1998,PG-13,131,Adventure,Science Fiction,26,4.8
Mercury Rising,32983332,60000000,1998,R,112,Thriller,Contemporary Fiction,17,5.8
City of Angels,198750909,55000000,1998,PG-13,117,Drama,Fantasy,59,6.4
He Got Game,21567853,25000000,1998,R,134,Drama,Contemporary Fiction,80,6.8
Deep Impact,349464664,80000000,1998,PG-13,120,Adventure,Science Fiction,47,6
Bulworth,29203383,30000000,1998,R,107,Comedy,Contemporary Fiction,75,6.8
The Horse Whisperer,75383563,60000000,1998,PG-13,168,Drama,Contemporary Fiction,71,6.3
Godzilla,376000000,125000000,1998,PG-13,139,Action,Science Fiction,25,4.8
Hope Floats,81529000,30000000,1998,PG-13,114,Drama,Contemporary Fiction,23,5.3
The Truman,248400000,60000000,1998,PG,102,Drama,Contemporary Fiction,95,8
"Six Days, Seven Nights",164800000,80000000,1998,PG-13,101,Romantic Comedy,Contemporary Fiction,37,4.7
Out of Sight,37562568,48000000,1998,R,129,Drama,Contemporary Fiction,93,7.1
Armageddon,554600000,140000000,1998,PG-13,150,Adventure,Contemporary Fiction,42,6.1
Lethal Weapon 4,285400000,140000000,1998,R,127,Action,Contemporary Fiction,54,6.4
Small Soldiers,71743823,40000000,1998,PG-13,110,Comedy,Kids Fiction,46,5.9
There's Something About Mary,360099999,22000000,1998,R,119,Romantic Comedy,Contemporary Fiction,83,7.2
The Mask of Zorro,233700000,65000000,1998,PG-13,136,Adventure,Historical Fiction,82,6.7
Saving Private Ryan,481635085,65000000,1998,R,169,Drama,Historical Fiction,91,8.5
The Negotiator,49105766,50000000,1998,R,138,Action,Contemporary Fiction,81,7.2
Snake Eyes,103891409,73000000,1998,R,99,Thriller,Contemporary Fiction,41,5.8
Blade,131237688,45000000,1998,R,121,Action,Super Hero,55,7
Rounders,22921898,12000000,1998,R,120,Drama,Contemporary Fiction,64,7.3
Simon Birch,18253415,20000000,1998,PG,110,Drama,Contemporary Fiction,44,6.7
One True Thing,26708196,30000000,1998,R,127,Drama,Contemporary Fiction,88,6.9
Rush Hour,245300000,35000000,1998,PG-13,98,Action,Contemporary Fiction,60,6.8
Ronin,41610884,55000000,1998,R,121,Action,Contemporary Fiction,68,7.2
Antz,152457863,60000000,1998,PG,83,Adventure,Kids Fiction,95,6.8
Beloved,22852487,53000000,1998,R,172,Drama,Historical Fiction,77,5.3
Bride of Chucky,50692188,25000000,1998,R,89,Horror,Fantasy,43,5.3
Practical Magic,68336997,60000000,1998,PG-13,105,Comedy,Fantasy,21,5.5
Vampires,20268825,20000000,1998,R,108,Horror,Fantasy,33,6.8
Elizabeth,82150642,25000000,1998,R,124,Drama,Dramatization,81,7.6
The Waterboy,190191646,23000000,1998,PG-13,86,Comedy,Contemporary Fiction,32,5.7
Meet Joe Black,44650003,85000000,1998,PG-13,154,Drama,Fantasy,50,6.9
A Bug's Life,363109485,45000000,1998,G,96,Adventure,Fantasy,91,7.3
Enemy of the State,250649836,85000000,1998,R,127,Action,Contemporary Fiction,70,7.2
Babe: Pig in the City,69131860,80000000,1998,G,75,Adventure,Kids Fiction,61,6.1
Psycho,37226218,20000000,1998,R,100,Horror,Contemporary Fiction,35,4.5
A Simple Plan,16316273,17000000,1998,R,121,Drama,Contemporary Fiction,90,7.6
Rushmore,19080435,10000000,1998,R,89,Black Comedy,Contemporary Fiction,87,7.8
Shakespeare in Love,279500000,26000000,1998,R,122,Romantic Comedy,Historical Fiction,93,7.4
The Prince of Egypt,218600000,60000000,1998,PG,97,Adventure,Dramatization,79,6.8
You've Got Mail,250800000,65000000,1998,PG,119,Drama,Contemporary Fiction,68,6.2
The Thin Red Line,36400491,52000000,1998,R,166,Drama,Dramatization,78,7.5
A Civil Action,56709981,60000000,1998,PG-13,112,Drama,Contemporary Fiction,61,6.4
The Faculty,40283321,15000000,1998,R,102,Horror,Contemporary Fiction,51,6.3
Patch Adams,202200000,50000000,1998,PG-13,110,Comedy,Contemporary Fiction,24,6.3
Stepmom,119709917,50000000,1998,PG-13,127,Drama,Contemporary Fiction,43,6.2
Varsity Blues,54294169,16000000,1999,R,104,Drama,Contemporary Fiction,39,6
Blast from the Past,26613620,35000000,1999,PG-13,111,Comedy,Contemporary Fiction,60,6.4
My Favorite Martian,36850101,60000000,1999,PG,93,Comedy,Science Fiction,13,4.5
8MM,96398826,40000000,1999,R,119,Thriller,Contemporary Fiction,22,6.3
Analyze This,176885658,30000000,1999,R,103,Comedy,Contemporary Fiction,68,6.6
Cruel Intentions,75803716,11000000,1999,R,95,Drama,Contemporary Fiction,47,6.7
The Corruptor,15164492,10000000,1999,R,110,Action,Contemporary Fiction,48,5.8
EDtv,35319689,60000000,1999,PG-13,122,Comedy,Contemporary Fiction,62,6
The Matrix,460279930,65000000,1999,R,136,Action,Science Fiction,86,8.7
Life,73521587,75000000,1999,R,108,Comedy,Contemporary Fiction,50,5.3
Election,14943582,8500000,1999,R,103,Black Comedy,Contemporary Fiction,92,7.4
Entrapment,211700000,66000000,1999,PG-13,112,Thriller,Contemporary Fiction,38,6.1
The Mummy,416385488,80000000,1999,PG-13,124,Adventure,Fantasy,54,6.8
Tea with Mussolini,14395874,14000000,1999,PG,116,Drama,Dramatization,67,6.7
Instinct,34105207,55000000,1999,R,123,Drama,Contemporary Fiction,27,6.2
Tarzan,448191819,145000000,1999,G,88,Adventure,Historical Fiction,88,6.9
The General's Daughter,149705852,60000000,1999,R,116,Drama,Contemporary Fiction,22,6.1
Big Daddy,234779795,30000000,1999,PG-13,95,Comedy,Contemporary Fiction,40,4.7
Wild Wild West,222105681,175000000,1999,PG-13,107,Adventure,Historical Fiction,21,4.3
Summer of Sam,19288130,22000000,1999,R,142,Drama,Historical Fiction,50,6.5
American Pie,234800000,12000000,1999,R,95,Comedy,Contemporary Fiction,59,6.9
Muppets From Space,16304786,24000000,1999,G,88,Comedy,Kids Fiction,62,6.1
Eyes Wide Shut,86257553,65000000,1999,R,159,Drama,Contemporary Fiction,78,7.2
Lake Placid,31770413,27000000,1999,R,82,Thriller,Contemporary Fiction,38,5.3
The Haunting,180188905,80000000,1999,PG-13,114,Horror,Contemporary Fiction,17,4.6
Deep Blue Sea,165048228,60000000,1999,R,105,Action,Contemporary Fiction,57,5.6
Runaway Bride,308007919,70000000,1999,PG,116,Romantic Comedy,Contemporary Fiction,45,5.2
The Iron Giant,31333917,50000000,1999,PG,86,Adventure,Kids Fiction,97,7.9
The Sixth Sense,672806292,40000000,1999,PG-13,107,Thriller,Contemporary Fiction,85,8.2
The Thomas Crown Affair,124304264,48000000,1999,R,111,Drama,Contemporary Fiction,67,6.7
Bowfinger,98699769,55000000,1999,PG-13,96,Comedy,Contemporary Fiction,79,6.4
The 13th Warrior,61698899,125000000,1999,R,103,Action,Fantasy,33,6.3
Stigmata,89441732,32000000,1999,R,103,Horror,Contemporary Fiction,22,6
American Beauty,356258047,15000000,1999,R,118,Drama,Contemporary Fiction,89,8.6
Blue Streak,117448157,36000000,1999,PG-13,95,Action,Contemporary Fiction,35,5.9
For Love of the Game,46112640,50000000,1999,PG-13,137,Drama,Contemporary Fiction,64,6.2
Double Jeopardy,177835231,40000000,1999,R,105,Action,Contemporary Fiction,25,6
Three Kings,107752036,48000000,1999,R,115,Action,Historical Fiction,94,7.3
Drive Me Crazy,22591451,8000000,1999,PG-13,91,Comedy,Contemporary Fiction,26,5.1
Random Hearts,63200000,64000000,1999,R,133,Drama,Contemporary Fiction,15,4.8
Fight Club,100853753,65000000,1999,R,139,Drama,Contemporary Fiction,81,8.8
The Story of Us,27100030,50000000,1999,R,74,Romantic Comedy,Contemporary Fiction,28,5.6
Bringing Out The Dead,16640210,32000000,1999,R,120,Black Comedy,Contemporary Fiction,71,6.8
The Best Man,34572780,9000000,1999,R,120,Romantic Comedy,Contemporary Fiction,71,6.1
Being John Malkovich,32382381,13000000,1999,R,112,Black Comedy,Fantasy,92,7.9
House on Haunted Hill,40846082,19000000,1999,R,96,Horror,Contemporary Fiction,25,5.2
The Bone Collector,151463090,48000000,1999,R,118,Thriller,Contemporary Fiction,27,6.3
The Insider,60265197,68000000,1999,R,157,Drama,Dramatization,96,8
Anywhere But Here,18653615,23000000,1999,PG-13,114,Drama,Contemporary Fiction,64,5.9
Dogma,43948865,10000000,1999,R,135,Comedy,Contemporary Fiction,68,7.3
The World is Not Enough,361730660,135000000,1999,PG-13,125,Action,Contemporary Fiction,51,6.3
Sleepy Hollow,207068340,70000000,1999,R,105,Horror,Historical Fiction,68,7.5
Toy Story 2,484966906,90000000,1999,G,92,Adventure,Kids Fiction,100,8
End of Days,212026975,100000000,1999,R,120,Action,Fantasy,11,5.4
The Green Mile,286601374,60000000,1999,R,187,Drama,Fantasy,77,8.4
Anna and the King,39251128,75000000,1999,PG-13,147,Drama,Dramatization,51,6.5
Bicentennial Man,87420776,90000000,1999,PG,132,Drama,Science Fiction,38,6.4
Magnolia,48446802,37000000,1999,R,188,Drama,Contemporary Fiction,83,8
Stuart Little,298800000,105000000,1999,PG,92,Comedy,Kids Fiction,65,5.8
Man on the Moon,47407635,52000000,1999,R,118,Drama,Dramatization,62,7.4
Any Given Sunday,100230832,60000000,1999,R,162,Drama,Contemporary Fiction,49,6.6
The Talented Mr. Ripley,81292135,40000000,1999,R,139,Drama,Historical Fiction,82,7.2
The Hurricane,73956241,38000000,1999,R,125,Drama,Dramatization,83,7.4
Next Friday,59675307,9500000,2000,R,98,Comedy,Contemporary Fiction,21,5.3
My Dog Skip,35512760,7000000,2000,PG,95,Drama,Kids Fiction,72,6.9
Scream 3,161838076,40000000,2000,R,118,Horror,Contemporary Fiction,38,5.3
The Beach,39778599,50000000,2000,R,119,Drama,Contemporary Fiction,19,4.5
Pitch Black,53182088,23000000,2000,R,110,Horror,Science Fiction,55,7
Wonder Boys,33422485,35000000,2000,R,111,Comedy,Contemporary Fiction,81,7.5
Mission to Mars,106000000,90000000,2000,PG,116,Adventure,Science Fiction,24,5.1
Erin Brockovich,258400000,50000000,2000,R,133,Drama,Dramatization,83,7.2
Final Destination,112802314,23000000,2000,R,98,Horror,Fantasy,31,6.8
Romeo Must Die,91036760,25000000,2000,R,114,Action,Contemporary Fiction,33,5.9
High Fidelity,47881663,20000000,2000,R,114,Comedy,Contemporary Fiction,92,7.6
The Road to El Dorado,65700000,95000000,2000,PG,90,Adventure,Kids Fiction,49,6.4
The Skulls,35007180,15000000,2000,PG-13,107,Thriller,Contemporary Fiction,8,5.3
Rules of Engagement,71719931,60000000,2000,R,127,Thriller,Contemporary Fiction,37,6.2
28 Days,62063972,43000000,2000,PG-13,103,Comedy,Contemporary Fiction,30,5.8
Love and Basketball,27709625,15000000,2000,PG-13,125,Drama,Historical Fiction,81,6.7
U-571,127630030,62000000,2000,PG-13,116,Action,Historical Fiction,68,6.4
The Flintstones in Viva Rock Vegas,59431365,58000000,2000,PG,90,Comedy,Kids Fiction,24,3.3
Gladiator,457683805,103000000,2000,R,150,Action,Historical Fiction,77,8.3
Road Trip,119739110,16000000,2000,R,94,Comedy,Contemporary Fiction,59,6.4
Shanghai Noon,71189835,55000000,2000,PG-13,110,Western,Historical Fiction,78,6.6
Big Momma's House,173559438,33000000,2000,PG-13,98,Comedy,Contemporary Fiction,30,4.7
Shaft,107190108,53012938,2000,R,99,Action,Contemporary Fiction,68,5.9
Titan A.E.,36751979,75000000,2000,PG,95,Adventure,Science Fiction,51,6.4
Chicken Run,227793915,42000000,2000,G,84,Adventure,Kids Fiction,96,7.3
"Me, Myself & Irene",149270999,51000000,2000,R,116,Romantic Comedy,Contemporary Fiction,48,6.9
The Patriot,215300000,110000000,2000,R,165,Drama,Historical Fiction,62,6.9
The Perfect Storm,328711434,120000000,2000,PG-13,130,Drama,Dramatization,47,6.2
Scary Movie,277200000,19000000,2000,R,88,Comedy,Contemporary Fiction,53,6
The Kid,69688384,65000000,2000,PG,104,Comedy,Contemporary Fiction,49,5.9
X-Men,334627820,75000000,2000,PG-13,104,Action,Super Hero,82,7.4
What Lies Beneath,288693989,90000000,2000,PG-13,130,Thriller,Contemporary Fiction,45,6.5
Hollow Man,191200000,90000000,2000,R,112,Horror,Science Fiction,28,5.5
Space Cowboys,128874043,65000000,2000,PG-13,130,Adventure,Science Fiction,79,6.3
Autumn in New York,90717684,40000000,2000,PG-13,106,Drama,Contemporary Fiction,21,4.8
Bless the Child,40435694,40000000,2000,R,108,Thriller,Fantasy,3,4.8
The Replacements,50054511,50000000,2000,PG-13,118,Comedy,Contemporary Fiction,39,6.2
The Original Kings of Comedy,38236338,3000000,2000,R,116,Concert,Factual,86,6.2
The Art of War,30199105,40000000,2000,R,117,Thriller,Contemporary Fiction,16,5.5
Bring it On,90453550,10000000,2000,PG-13,99,Comedy,Contemporary Fiction,63,5.9
Nurse Betty,27732366,24000000,2000,R,110,Black Comedy,Contemporary Fiction,84,6.4
Almost Famous,47371191,60000000,2000,R,123,Comedy,Dramatization,88,8
Best in,20695413,6000000,2000,PG-13,90,Comedy,Contemporary Fiction,94,7.4
Remember the Titans,136706683,30000000,2000,PG,113,Drama,Contemporary Fiction,72,7.5
Meet the Parents,301500000,55000000,2000,PG-13,108,Comedy,Contemporary Fiction,84,7
Billy Elliot,109280263,5000000,2000,PG-13,110,Drama,Contemporary Fiction,85,7.7
Bedazzled,90376224,48000000,2000,PG-13,93,Comedy,Contemporary Fiction,49,5.9
Pay it Forward,33508922,40000000,2000,PG-13,123,Drama,Contemporary Fiction,40,6.8
Charlie's Angels,263200000,90000000,2000,PG-13,98,Adventure,Contemporary Fiction,67,5.5
The Legend of Bagger Vance,39235486,60000000,2000,PG-13,126,Drama,Historical Fiction,43,6.4
The 6th Day,96024898,82000000,2000,PG-13,123,Action,Science Fiction,40,5.8
How the Grinch Stole Christmas,345141403,123000000,2000,PG,104,Comedy,Kids Fiction,53,5.7
102 Dalmatians,66941559,85000000,2000,G,100,Comedy,Kids Fiction,30,4.4
Unbreakable,248099143,73243106,2000,PG-13,107,Thriller,Super Hero,68,7.3
Proof of Life,62761005,65000000,2000,R,135,Action,Contemporary Fiction,39,6.1
Vertical Limit,213500000,75000000,2000,PG-13,124,Action,Contemporary Fiction,47,5.6
Chocolat,152500343,25000000,2000,PG-13,122,Drama,Historical Fiction,62,7.3
The Emperor's New Groove,169296573,100000000,2000,G,78,Adventure,Kids Fiction,85,7.4
What Women Want,372100000,65000000,2000,PG-13,127,Romantic Comedy,Contemporary Fiction,53,6.3
Finding Forrester,80013623,43000000,2000,PG-13,137,Drama,Contemporary Fiction,74,7.2
Cast Away,427230516,85000000,2000,PG-13,144,Drama,Contemporary Fiction,89,7.5
The Family Man,124715863,60000000,2000,PG-13,126,Comedy,Contemporary Fiction,52,6.6
Miss Congeniality,212100000,45000000,2000,PG-13,110,Comedy,Contemporary Fiction,41,6.1
Thirteen Days,66554547,80000000,2000,PG-13,145,Drama,Dramatization,82,7.3
Traffic,208300000,48000000,2000,R,147,Drama,Contemporary Fiction,91,7.8
The Wedding Planner,94728529,28000000,2001,PG-13,103,Romantic Comedy,Contemporary Fiction,16,4.8
Hannibal,350100280,87000000,2001,R,131,Horror,Contemporary Fiction,39,6.4
Down to Earth,71172251,30000000,2001,PG-13,87,Comedy,Fantasy,19,5
The Mexican,147808615,40000000,2001,R,124,Action,Contemporary Fiction,55,5.9
Enemy at the Gates,96971293,85000000,2001,R,131,Drama,Historical Fiction,53,7.4
Exit Wounds,79958599,33000000,2001,R,100,Action,Contemporary Fiction,33,5.2
Someone Like You,38684906,23000000,2001,PG-13,97,Romantic Comedy,Contemporary Fiction,41,5.8
Spy Kids,197692062,35000000,2001,PG,88,Adventure,Kids Fiction,93,5.7
Along Came a Spider,105159085,28000000,2001,R,103,Thriller,Contemporary Fiction,32,6.1
Blow,83282296,30000000,2001,R,123,Drama,Dramatization,54,7.4
Joe Dirt,30987695,16000000,2001,PG-13,91,Comedy,Contemporary Fiction,11,5.4
Crocodile Dundee in Los Angeles,39393111,25000000,2001,PG,95,Adventure,Contemporary Fiction,12,4.6
Driven,54616869,72000000,2001,PG-13,117,Action,Contemporary Fiction,13,4.2
The Mummy Returns,433007640,98000000,2001,PG-13,129,Adventure,Fantasy,47,6.2
Shrek,484399218,50000000,2001,PG,90,Adventure,Kids Fiction,89,8
Pearl Harbor,449239855,151500000,2001,PG-13,183,Action,Dramatization,26,5.4
The Animal,55762229,22000000,2001,PG-13,83,Comedy,Contemporary Fiction,30,4.6
Evolution,98341932,80000000,2001,PG-13,102,Comedy,Contemporary Fiction,42,5.9
Swordfish,147080413,80000000,2001,R,99,Action,Contemporary Fiction,25,6.3
The Fast and the Furious,206512310,38000000,2001,PG-13,107,Action,Contemporary Fiction,53,6
Baby Boy,28734552,16000000,2001,R,130,Drama,Contemporary Fiction,69,6.1
Scary Movie 2,141189101,45000000,2001,R,82,Comedy,Contemporary Fiction,14,4.7
Kiss of the Dragon,36833473,25000000,2001,R,98,Action,Contemporary Fiction,51,6.3
Legally Blonde,141743426,18000000,2001,PG-13,97,Comedy,Contemporary Fiction,67,6.2
The Score,113542091,68000000,2001,R,124,Thriller,Contemporary Fiction,74,6.8
Planet of the Apes,362211740,100000000,2001,PG-13,120,Adventure,Science Fiction,44,5.5
The Princess Diaries,165334774,30000000,2001,G,115,Comedy,Contemporary Fiction,46,5.9
Rush Hour 2,347425832,90000000,2001,PG-13,90,Action,Contemporary Fiction,51,6.4
Captain Corelli's Mandolin,62097495,57000000,2001,R,129,Drama,Historical Fiction,29,5.7
Rat Race,86607223,48000000,2001,PG-13,112,Comedy,Contemporary Fiction,43,6.4
Jay and Silent Bob Strike Back,33762400,22000000,2001,R,104,Comedy,Contemporary Fiction,53,6.8
The Musketeer,27053815,40000000,2001,PG-13,104,Adventure,Historical Fiction,10,4.4
Hardball,44102389,21000000,2001,PG-13,106,Drama,Contemporary Fiction,38,4.1
Zoolander,60780981,28000000,2001,PG-13,89,Comedy,Contemporary Fiction,62,6.4
Serendipity,75294136,28000000,2001,PG-13,91,Romantic Comedy,Contemporary Fiction,58,6.6
Training Day,104505362,45000000,2001,R,122,Drama,Contemporary Fiction,72,7.6
Bandits,71523271,75000000,2001,PG-13,123,Comedy,Contemporary Fiction,63,6.5
From Hell,31598308,35000000,2001,R,123,Thriller,Historical Fiction,57,6.8
Riding in Cars with Boys,29781453,47000000,2001,PG-13,131,Drama,Dramatization,48,6.2
K-PAX,50315140,48000000,2001,PG-13,121,Drama,Science Fiction,40,7.3
Domestic Disturbance,45207112,53000000,2001,PG-13,89,Thriller,Contemporary Fiction,24,5.3
"Monsters, Inc.",526864330,115000000,2001,G,95,Adventure,Kids Fiction,95,7.4
The One,43905746,49000000,2001,PG-13,87,Action,Science Fiction,13,5.6
Heist,28483168,35000000,2001,R,109,Action,Contemporary Fiction,66,3.2
Shallow Hal,70836296,40000000,2001,PG-13,113,Romantic Comedy,Contemporary Fiction,50,6
Spy Game,143049560,90000000,2001,R,126,Action,Contemporary Fiction,65,6.9
In the Bedroom,43430604,1700000,2001,R,130,Drama,Contemporary Fiction,93,7.5
Ocean's Eleven,450728529,110000000,2001,PG-13,116,Comedy,Contemporary Fiction,81,7.6
The Royal Tenenbaums,71430876,28000000,2001,R,110,Black Comedy,Contemporary Fiction,79,7.6
Vanilla Sky,202726605,70000000,2001,R,136,Thriller,Contemporary Fiction,39,6.9
A Beautiful Mind,316708996,78000000,2001,PG-13,135,Drama,Dramatization,78,8
Joe Somebody,24515990,38000000,2001,PG,98,Comedy,Contemporary Fiction,19,5.3
The Majestic,37306334,72000000,2001,PG,153,Drama,Historical Fiction,41,6.8
Ali,84383966,109000000,2001,R,159,Drama,Dramatization,67,6.6
Gosford Park,41300105,18000000,2001,R,137,Comedy,Historical Fiction,86,7.3
Monster's Ball,44873922,4000000,2001,R,111,Drama,Contemporary Fiction,85,7.2
Black Hawk Down,173638745,95000000,2001,R,144,Action,Dramatization,76,7.7
Snow Dogs,115010692,32000000,2002,PG,99,Comedy,Kids Fiction,23,4.9
The Count of Monte Cristo,54228104,40000000,2002,PG-13,131,Drama,Historical Fiction,74,7.6
A Walk to Remember,46060915,11000000,2002,PG,102,Drama,Contemporary Fiction,28,7.1
Big Fat Liar,52375275,15000000,2002,PG,88,Comedy,Contemporary Fiction,43,5.2
John Q,102226631,36000000,2002,PG-13,116,Drama,Contemporary Fiction,22,6.6
Dragonfly,30063805,60000000,2002,PG-13,104,Drama,Fantasy,7,5.8
40 Days and 40 Nights,95092667,17000000,2002,R,96,Romantic Comedy,Contemporary Fiction,38,5.4
All About the Benjamins,25873145,14000000,2002,R,95,Comedy,Contemporary Fiction,29,5.3
Ice Age,383257136,65000000,2002,PG,81,Adventure,Kids Fiction,77,7.4
Resident Evil,103787401,35000000,2002,R,100,Horror,Science Fiction,34,6.4
Showtime,78948765,85000000,2002,PG-13,95,Comedy,Contemporary Fiction,24,5.3
Clockstoppers,38788828,26000000,2002,PG,94,Adventure,Science Fiction,28,5
Panic Room,196308367,48000000,2002,R,112,Thriller,Contemporary Fiction,76,6.9
High Crimes,63781100,42000000,2002,PG-13,115,Thriller,Contemporary Fiction,31,6.1
My Big Fat Greek Wedding,368744044,5000000,2002,PG,95,Romantic Comedy,Contemporary Fiction,75,6.6
Murder by Numbers,56643267,50000000,2002,R,120,Thriller,Contemporary Fiction,31,5.9
The Scorpion King,164529000,60000000,2002,PG-13,91,Action,Fantasy,40,5.3
Spider-Man,821708551,139000000,2002,PG-13,121,Adventure,Super Hero,89,7.4
Unfaithful,119114494,50000000,2002,R,123,Drama,Contemporary Fiction,48,6.6
About a Boy,129949664,27000000,2002,PG-13,101,Romantic Comedy,Contemporary Fiction,93,7.4
Enough,39177215,38000000,2002,PG-13,115,Thriller,Contemporary Fiction,21,6.5
Insomnia,113622499,46000000,2002,R,118,Thriller,Contemporary Fiction,92,6.3
The Sum of All Fears,193500000,68000000,2002,PG-13,124,Action,Contemporary Fiction,59,6.3
Undercover Brother,38230435,25000000,2002,PG-13,86,Comedy,Contemporary Fiction,76,5.7
Bad Company,69157016,70000000,2002,PG-13,117,Action,Contemporary Fiction,10,5.3
The Bourne Identity,213300000,60000000,2002,PG-13,110,Action,Contemporary Fiction,82,7.7
Scooby-Doo,276294164,84000000,2002,PG,86,Comedy,Kids Fiction,28,4.7
Windtalkers,77628265,115000000,2002,R,134,Action,Historical Fiction,32,5.8
Minority Report,358824714,102000000,2002,PG-13,145,Action,Science Fiction,91,7.7
Like Mike,62432423,30000000,2002,PG,99,Comedy,Kids Fiction,56,4.4
K-19: The Widowmaker,65716126,90000000,2002,PG-13,138,Action,Dramatization,61,6.5
Stuart Little 2,166000000,120000000,2002,PG,78,Comedy,Kids Fiction,83,5.6
Austin Powers in Goldmember,292738626,63000000,2002,PG-13,94,Comedy,Science Fiction,54,6.2
Signs,408265690,70702619,2002,PG-13,106,Thriller,Science Fiction,74,6.9
Blood Work,26199517,50000000,2002,R,110,Thriller,Contemporary Fiction,54,6.3
xXx,267200000,70000000,2002,PG-13,124,Action,Contemporary Fiction,48,5.5
Barbershop,77081642,12000000,2002,PG-13,103,Comedy,Contemporary Fiction,82,6.2
Sweet Home Alabama,163379330,38000000,2002,PG-13,109,Comedy,Contemporary Fiction,37,5.8
Red Dragon,206455420,78000000,2002,R,125,Thriller,Contemporary Fiction,68,7.3
The Transporter,43928932,21000000,2002,PG-13,92,Action,Contemporary Fiction,53,6.6
The Ring,249094024,48000000,2002,PG-13,115,Horror,Contemporary Fiction,71,5.5
I Spy,33561137,70000000,2002,PG-13,97,Action,Contemporary Fiction,15,5.3
8 Mile,242924075,41000000,2002,R,110,Drama,Contemporary Fiction,74,6.7
Harry Potter and the Chamber of Secrets,878987880,100000000,2002,PG,161,Adventure,Fantasy,82,7.2
Die Another Day,431942139,142000000,2002,PG-13,133,Action,Contemporary Fiction,59,6
Analyze That,54994757,60000000,2002,R,96,Comedy,Contemporary Fiction,27,5.6
Maid in Manhattan,154832896,55000000,2002,PG-13,105,Romantic Comedy,Contemporary Fiction,39,4.6
About Schmidt,105823486,30000000,2002,R,125,Drama,Contemporary Fiction,85,7.3
Gangs of New York,190400000,97000000,2002,R,168,Drama,Historical Fiction,75,7.4
Catch Me if You Can,351106800,52000000,2002,PG-13,141,Drama,Dramatization,96,5.7
Chicago,307687518,30000000,2002,PG-13,113,Musical,Historical Fiction,88,7.2
The Hours,108775994,25000000,2002,PG-13,115,Drama,Historical Fiction,80,7.6
Just Married,56127162,19000000,2003,PG-13,95,Romantic Comedy,Contemporary Fiction,20,5.1
Final Destination 2,89626226,26000000,2003,R,90,Horror,Fantasy,47,6.4
How to Lose a Guy in 10 Days,177079973,50000000,2003,PG-13,116,Romantic Comedy,Contemporary Fiction,43,6.1
Shanghai Knights,60470220,50000000,2003,PG-13,114,Adventure,Historical Fiction,66,6.2
Daredevil,179179718,80000000,2003,PG-13,105,Action,Super Hero,44,5.5
Old School,86325829,24000000,2003,R,91,Comedy,Contemporary Fiction,60,7
Cradle 2 the Grave,56434942,25000000,2003,R,101,Horror,Contemporary Fiction,26,5.4
Bringing Down the House,164675402,20000000,2003,PG-13,105,Comedy,Contemporary Fiction,34,5.4
Tears of the Sun,85632458,75000000,2003,R,121,Action,Contemporary Fiction,34,6.4
The Hunted,45016494,55000000,2003,R,94,Action,Contemporary Fiction,31,5.8
Dreamcatcher,75685268,68000000,2003,R,136,Drama,Science Fiction,30,5.3
Basic,42598498,50000000,2003,R,98,Thriller,Contemporary Fiction,21,6.3
Head of State,38283765,35200000,2003,PG-13,95,Comedy,Contemporary Fiction,30,5.1
The Core,74132631,85000000,2003,PG-13,133,Action,Science Fiction,42,5.3
A Man Apart,44114828,36000000,2003,R,110,Action,Contemporary Fiction,11,5.7
Phone Booth,97837138,11000000,2003,R,81,Thriller,Contemporary Fiction,71,7.2
What a Girl Wants,35990505,25000000,2003,PG,105,Comedy,Contemporary Fiction,34,5.7
Anger Management,195660942,56000000,2003,PG-13,106,Comedy,Contemporary Fiction,43,6.1
Holes,72383924,20000000,2003,PG,117,Drama,Contemporary Fiction,77,7.1
Identity,90231264,28000000,2003,R,90,Thriller,Contemporary Fiction,62,7.3
Daddy Day Care,164285587,60000000,2003,PG,92,Comedy,Contemporary Fiction,28,5.5
The Matrix Reloaded,738576929,127000000,2003,R,138,Action,Science Fiction,73,7.1
Bruce Almighty,485004995,81000000,2003,PG-13,101,Comedy,Fantasy,48,6.6
Finding Nemo,867894287,94000000,2003,G,100,Adventure,Kids Fiction,98,8.2
The Italian Job,175826012,60000000,2003,PG-13,111,Adventure,Contemporary Fiction,73,6.9
2 Fast 2 Furious,236220058,76000000,2003,PG-13,107,Action,Contemporary Fiction,36,5.1
Hollywood Homicide,51107785,75000000,2003,PG-13,116,Action,Contemporary Fiction,30,5.2
Hulk,245360480,137000000,2003,PG-13,138,Action,Super Hero,62,5.7
28 Days Later...,82719885,15000000,2003,R,113,Horror,Science Fiction,89,7.6
The League of Extraordinary Gentlemen,179265204,78000000,2003,PG-13,110,Adventure,Super Hero,17,5.5
Bad Boys II,272940870,130000000,2003,R,147,Action,Contemporary Fiction,24,6.2
Seabiscuit,148336445,86000000,2003,PG-13,141,Drama,Historical Fiction,77,7.4
Freaky Friday,160822438,26000000,2003,PG,97,Comedy,Contemporary Fiction,88,6.5
Freddy vs. Jason,114326122,25000000,2003,R,97,Horror,Contemporary Fiction,41,5.8
Open Range,68293719,26000000,2003,R,139,Western,Historical Fiction,79,7.5
Once Upon a Time in Mexico,98156459,29000000,2003,R,102,Action,Contemporary Fiction,68,6.2
Lost in Translation,106454000,4000000,2003,R,102,Drama,Contemporary Fiction,94,7.9
Underworld,95708457,22000000,2003,R,121,Action,Contemporary Fiction,30,6.7
Out of Time,55489826,50000000,2003,PG-13,105,Thriller,Contemporary Fiction,65,4.9
Mystic River,156835191,30000000,2003,R,137,Drama,Contemporary Fiction,87,8
Kill Bill: Volume 1,180098138,55000000,2003,R,111,Action,Contemporary Fiction,85,8.2
Intolerable Cruelty,121327628,60000000,2003,PG-13,100,Romantic Comedy,Contemporary Fiction,75,6.4
Scary Movie 3,155200000,45000000,2003,PG-13,84,Comedy,Contemporary Fiction,37,5.4
The Matrix Revolutions,424259759,110000000,2003,R,129,Action,Science Fiction,37,6.5
Elf,220443451,32000000,2003,PG,95,Comedy,Kids Fiction,84,6.8
Master and Commander: The Far Side of the World,209486484,135000000,2003,PG-13,138,Adventure,Historical Fiction,85,7.5
Bad Santa,60063017,18000000,2003,R,91,Comedy,Contemporary Fiction,77,7.3
The Missing,38253433,65000000,2003,R,137,Western,Historical Fiction,59,7.4
Honey,62192232,18000000,2003,PG-13,94,Drama,Contemporary Fiction,20,4.6
The Last Samurai,456810575,120000000,2003,R,154,Action,Historical Fiction,65,7.8
Big Fish,123432867,70000000,2003,PG-13,125,Drama,Fantasy,77,8.1
Something's Gotta Give,266685242,80000000,2003,PG-13,128,Romantic Comedy,Contemporary Fiction,70,6.8
Stuck On You,63537164,55000000,2003,PG-13,118,Comedy,Contemporary Fiction,60,5.9
Mona Lisa Smile,121598309,65000000,2003,PG-13,117,Drama,Historical Fiction,35,6.1
Cheaper by the Dozen,189714544,40000000,2003,PG,98,Comedy,Contemporary Fiction,24,5.6
Cold Mountain,161632614,80000000,2003,R,152,Drama,Historical Fiction,70,7.3
Paycheck,89350576,60000000,2003,PG-13,119,Thriller,Science Fiction,28,6.1
Peter Pan,95255485,100000000,2003,PG,113,Adventure,Fantasy,76,7.1
50 First Dates,196376832,75000000,2004,PG-13,99,Romantic Comedy,Contemporary Fiction,44,6.8
The Passion of the Christ,611899420,25000000,2004,R,127,Drama,Dramatization,50,7.1
Twisted,40119848,50000000,2004,R,97,Thriller,Contemporary Fiction,2,4.8
Hidalgo,107336658,78000000,2004,PG-13,136,Western,Historical Fiction,46,6.6
Starsky & Hutch,170200225,60000000,2004,PG-13,101,Comedy,Historical Fiction,64,6.2
Secret Window,92958031,40000000,2004,PG-13,96,Thriller,Fantasy,46,6.5
Dawn of the Dead,102290765,28000000,2004,R,100,Horror,Science Fiction,76,7.4
Eternal Sunshine of the Spotless Mind,47066518,20000000,2004,R,108,Comedy,Fantasy,93,8.5
Jersey Girl,37066129,35000000,2004,PG-13,102,Comedy,Contemporary Fiction,40,6.2
The Ladykillers,77692139,35000000,2004,R,104,Comedy,Contemporary Fiction,54,6.2
Hellboy,99823958,60000000,2004,PG-13,122,Action,Super Hero,81,6.8
Walking Tall,47313824,56000000,2004,PG-13,87,Action,Contemporary Fiction,25,6
Man on Fire,118706816,60000000,2004,R,146,Thriller,Contemporary Fiction,38,7.7
Mean Girls,128947227,18000000,2004,PG-13,97,Comedy,Contemporary Fiction,83,7
Van Helsing,300150546,170000000,2004,PG-13,132,Action,Historical Fiction,22,5.5
Troy,497398577,150000000,2004,R,163,Action,Historical Fiction,54,7
Shrek 2,919838758,70000000,2004,PG,92,Adventure,Kids Fiction,89,7.5
Raising Helen,43340302,50000000,2004,PG-13,119,Comedy,Contemporary Fiction,22,5.7
The Day After Tomorrow,544272402,125000000,2004,PG-13,124,Adventure,Science Fiction,46,6.3
Harry Potter and the Prisoner of Azkaban,795538952,130000000,2004,PG,141,Adventure,Fantasy,90,7.7
Napoleon Dynamite,46140956,400000,2004,PG,82,Comedy,Contemporary Fiction,70,6.9
The Chronicles of Riddick,107212751,120000000,2004,PG-13,119,Adventure,Science Fiction,29,6.4
The Stepford Wives,96221971,100000000,2004,PG-13,93,Comedy,Contemporary Fiction,26,5.1
Around the World in 80 Days,72004159,110000000,2004,PG,120,Adventure,Historical Fiction,30,5.6
The Terminal,218673959,75000000,2004,PG-13,128,Drama,Dramatization,60,7.1
Fahrenheit 9/11,222414517,6000000,2004,R,122,Documentary,Factual,83,7.6
White Chicks,111448997,20000000,2004,PG-13,109,Comedy,Contemporary Fiction,15,5
The Notebook,102276787,30000000,2004,PG-13,123,Drama,Contemporary Fiction,52,8
Spider-Man 2,783705001,200000000,2004,PG-13,127,Adventure,Super Hero,93,7.7
King Arthur,203877963,90000000,2004,PG-13,126,Adventure,Historical Fiction,31,6.2
The Bourne Supremacy,288587450,85000000,2004,PG-13,108,Action,Contemporary Fiction,81,7.6
Garden State,32381151,2500000,2004,R,109,Drama,Contemporary Fiction,86,7.9
The Manchurian Candidate,96148711,80000000,2004,R,129,Thriller,Historical Fiction,81,6.7
The Village,260197520,71682975,2004,PG-13,108,Thriller,Contemporary Fiction,42,6.6
Collateral,217670152,60000000,2004,R,120,Action,Contemporary Fiction,86,7.8
Cellular,45261739,45000000,2004,PG-13,94,Thriller,Contemporary Fiction,54,6.5
Ladder 49,102332848,60000000,2004,PG-13,105,Action,Contemporary Fiction,40,6.5
Shark Tale,367275019,75000000,2004,PG,90,Adventure,Kids Fiction,35,5.9
Friday Night Lights,61950770,30000000,2004,PG-13,117,Drama,Contemporary Fiction,81,7.2
Sideways,109705641,17000000,2004,R,125,Drama,Contemporary Fiction,97,7.8
The Incredibles,632882184,92000000,2004,PG,121,Adventure,Super Hero,97,8.1
The Polar Express,305420597,170000000,2004,G,99,Adventure,Kids Fiction,56,6.7
After the Sunset,38329114,57000000,2004,PG-13,97,Action,Contemporary Fiction,18,6.2
Finding Neverland,118676606,25000000,2004,PG,106,Drama,Historical Fiction,82,7.9
National Treasure,347405002,100000000,2004,PG,131,Adventure,Contemporary Fiction,44,6.9
Alexander,167297191,155000000,2004,R,175,Adventure,Dramatization,16,5.4
Closer,115987757,35000000,2004,R,104,Drama,Contemporary Fiction,68,2.9
The Life Aquatic with Steve Zissou,34806726,50000000,2004,R,118,Comedy,Contemporary Fiction,53,7.2
Ocean's Twelve,363531634,85000000,2004,PG-13,125,Adventure,Contemporary Fiction,55,6
Million Dollar Baby,216763646,30000000,2004,PG-13,132,Drama,Contemporary Fiction,91,8.2
The Aviator,214608827,110000000,2004,PG-13,170,Drama,Dramatization,88,7.6
Lemony Snicket's A Series of Unfortunate Events,201627117,100000000,2004,PG,108,Comedy,Kids Fiction,71,6.9
Spanglish,54344321,75000000,2004,PG-13,103,Comedy,Contemporary Fiction,52,6.7
Meet the Fockers,516567575,60000000,2004,PG-13,115,Comedy,Contemporary Fiction,38,6.4
The Phantom of the Opera,158225796,55000000,2004,PG-13,143,Musical,Historical Fiction,33,7.2
Fat Albert,48563556,45000000,2004,PG,93,Comedy,Contemporary Fiction,21,4
In Good Company,63489752,26000000,2004,PG-13,109,Comedy,Contemporary Fiction,84,6.8
Are We There Yet?,97918663,20000000,2005,PG,94,Romantic Comedy,Kids Fiction,12,4.2
Alone in the Dark,8178569,20000000,2005,R,96,Horror,Fantasy,1,2.3
Hitch,366784257,55000000,2005,PG-13,113,Romantic Comedy,Contemporary Fiction,69,5.7
Constantine,230884728,75000000,2005,R,122,Action,Contemporary Fiction,46,6.7
Be Cool,94849401,75000000,2005,PG-13,115,Comedy,Contemporary Fiction,30,5.6
The Pacifier,198006880,56000000,2005,PG,97,Comedy,Contemporary Fiction,20,5.3
Robots,260700012,80000000,2005,PG,89,Adventure,Kids Fiction,64,6.4
Sin City,158753820,40000000,2005,R,126,Action,Fantasy,77,8.3
The Interpreter,163954076,90000000,2005,PG-13,118,Thriller,Contemporary Fiction,58,6.5
Crash,98387109,6500000,2005,R,107,Drama,Contemporary Fiction,75,6.1
Monster-in-Law,155931301,45000000,2005,PG-13,95,Comedy,Contemporary Fiction,16,5.1
The Longest Yard,190320568,82000000,2005,PG-13,113,Comedy,Contemporary Fiction,31,6.2
Madagascar,532680671,75000000,2005,PG,83,Adventure,Kids Fiction,55,6.6
Cinderella Man,108539911,88000000,2005,PG-13,144,Drama,Dramatization,80,8
Batman Begins,372353017,150000000,2005,PG-13,140,Action,Super Hero,84,8.3
Bewitched,131413159,80000000,2005,PG-13,100,Comedy,Fantasy,24,4.8
Fantastic Four,330579719,87500000,2005,PG-13,123,Action,Super Hero,27,5.7
Charlie and the Chocolate Factory,474459076,150000000,2005,PG,115,Comedy,Kids Fiction,82,7.1
The Dukes of Hazzard,110570227,53000000,2005,PG-13,105,Comedy,Contemporary Fiction,13,4.7
Four Brothers,92494381,30000000,2005,R,109,Drama,Contemporary Fiction,52,6.8
The Exorcism of Emily Rose,144216468,18000000,2005,PG-13,114,Thriller,Dramatization,45,6.8
Serenity,38514517,39000000,2005,PG-13,119,Action,Science Fiction,81,8
Wallace & Gromit: The Curse of the Were-Rabbit,185724838,30000000,2005,G,85,Adventure,Kids Fiction,95,7.9
Domino,17759202,50000000,2005,R,133,Action,Dramatization,19,5.9
Elizabethtown,50719373,54000000,2005,PG-13,133,Drama,Contemporary Fiction,28,6.4
The Fog,37048526,18000000,2005,PG-13,101,Horror,Contemporary Fiction,5,3.3
Saw II,152925093,5000000,2005,R,91,Horror,Contemporary Fiction,36,6.8
The Legend of Zorro,141475336,80000000,2005,PG,129,Adventure,Historical Fiction,26,5.7
Chicken Little,314432738,60000000,2005,G,80,Adventure,Kids Fiction,36,5.8
Jarhead,96947540,72000000,2005,R,115,Drama,Dramatization,61,7.2
Harry Potter and the Goblet of Fire,896013036,150000000,2005,PG-13,157,Adventure,Fantasy,88,7.6
Walk the Line,184319402,29000000,2005,PG-13,80,Drama,Dramatization,82,7.9
Brokeback Mountain,180343761,13900000,2005,R,134,Drama,Historical Fiction,87,7.8
Memoirs of a Geisha,161510853,85000000,2005,PG-13,145,Drama,Historical Fiction,36,7.1
King Kong,550517357,207000000,2005,PG-13,187,Adventure,Fantasy,83,7.6
Cheaper by the Dozen 2,135015330,60000000,2005,PG,94,Comedy,Contemporary Fiction,7,5.2
The White Countess,2814566,16000000,2005,PG-13,135,Drama,Historical Fiction,51,6.5
Superman Returns,391120000,232000000,2006,PG-13,157,Adventure,Super Hero,76,6.6
Pirates of the Caribbean: Dead Man's Chest,1065659812,225000000,2006,PG-13,151,Adventure,Fantasy,54,7.3
Miami Vice,163818556,135000000,2006,R,132,Action,Contemporary Fiction,47,6
Step Up,115328121,12000000,2006,PG-13,98,Drama,Contemporary Fiction,19,6.1
Snakes on a Plane,62020814,33000000,2006,R,105,Thriller,Contemporary Fiction,68,6
The Covenant,38164784,20000000,2006,PG-13,95,Thriller,Contemporary Fiction,3,4.8
The Black Dahlia,46672813,60000000,2006,R,121,Thriller,Historical Fiction,33,5.6
Gridiron Gang,41480851,30000000,2006,PG-13,126,Drama,Dramatization,41,6.8
All the King's Men,9521458,55000000,2006,PG-13,128,Drama,Historical Fiction,11,6
Flyboys,14816379,60000000,2006,PG-13,139,Drama,Dramatization,33,6.5
The Last King of Scotland,48363516,6000000,2006,R,121,Drama,Dramatization,87,7.8
School for Scoundrels,17807569,20000000,2006,PG-13,101,Comedy,Contemporary Fiction,26,6
The Queen,122840603,15000000,2006,PG-13,103,Drama,Dramatization,97,7.6
The Departed,290539042,90000000,2006,R,152,Drama,Contemporary Fiction,93,8.5
Little Children,14763019,14000000,2006,R,136,Drama,Contemporary Fiction,79,7.8
One Night with the King,13395961,20000000,2006,PG,124,Drama,Historical Fiction,16,6
The Prestige,107896006,40000000,2006,PG-13,131,Thriller,Historical Fiction,75,8.4
Catch a Fire,5699773,14000000,2006,PG-13,101,Thriller,Dramatization,76,6.8
Saw III,163876815,10000000,2006,R,107,Horror,Contemporary Fiction,25,6.3
Flushed Away,177665672,149000000,2006,PG,85,Comedy,Kids Fiction,72,7
A Good Year,42064105,35000000,2006,PG-13,118,Drama,Contemporary Fiction,24,6.8
Stranger Than Fiction,45235190,30000000,2006,PG-13,112,Comedy,Contemporary Fiction,72,7.8
Bobby,20597806,14000000,2006,R,120,Drama,Dramatization,46,7.1
For Your Consideration,5549923,12000000,2006,PG-13,86,Comedy,Contemporary Fiction,50,6.2
Happy Feet,385000317,85000000,2006,PG,108,Adventure,Kids Fiction,74,6.7
Casino Royale,596365000,102000000,2006,PG-13,144,Action,Contemporary Fiction,94,8
The Fountain,15461638,35000000,2006,PG-13,96,Drama,Science Fiction,51,7.4
The Nativity Story,46432264,35000000,2006,PG,102,Drama,Dramatization,37,6.6
Apocalypto,117785051,40000000,2006,R,136,Adventure,Historical Fiction,64,7.9
Blood Diamond,171377916,100000000,2006,R,143,Action,Historical Fiction,62,8
The Holiday,205190324,85000000,2006,PG-13,131,Romantic Comedy,Contemporary Fiction,47,6.9
Charlotte's Web,143985708,82500000,2006,G,98,Drama,Fantasy,78,6.7
Dreamgirls,154965956,75000000,2006,PG-13,130,Musical,Historical Fiction,78,6.6
The Good German,1308696,32000000,2006,R,104,Drama,Historical Fiction,32,6.1
The Pursuit of Happyness,306086036,55000000,2006,PG-13,116,Drama,Dramatization,66,7.8
Letters from Iwo Jima,68756082,13000000,2006,R,141,Drama,Historical Fiction,91,8.1
Night at the Museum,574480841,110000000,2006,PG,108,Comedy,Fantasy,43,6.4
Children of Men,69450202,76000000,2006,R,114,Thriller,Science Fiction,93,8.1
Perfume: The Story of a Murderer,132180323,63700000,2006,R,147,Drama,Historical Fiction,58,7.5
Miss Potter,35025861,30000000,2006,PG,92,Drama,Dramatization,66,7.1
Code Name: The Cleaner,8135024,20000000,2007,PG-13,91,Comedy,Contemporary Fiction,4,4
Freedom Writers,43090741,21000000,2007,PG-13,122,Drama,Dramatization,69,7.5
Epic Movie,86858578,20000000,2007,PG-13,86,Comedy,Contemporary Fiction,2,2.2
Smokin' Aces,56047261,17000000,2007,R,108,Comedy,Contemporary Fiction,28,6.6
Hannibal Rising,80583311,50000000,2007,R,121,Thriller,Historical Fiction,15,6
Ghost Rider,237702596,120000000,2007,PG-13,110,Action,Super Hero,26,5.2
The Number 23,76593167,32000000,2007,R,95,Thriller,Contemporary Fiction,8,6.2
300,456068181,60000000,2007,R,117,Action,Historical Fiction,60,7.8
I Think I Love My Wife,13205411,14000000,2007,R,94,Romantic Comedy,Contemporary Fiction,19,5.5
Reign Over Me,20081987,20000000,2007,R,128,Drama,Historical Fiction,63,7.7
Shooter,95203582,60000000,2007,R,125,Thriller,Contemporary Fiction,48,7.2
The Reaping,62226214,40000000,2007,R,100,Horror,Fantasy,8,5.6
Disturbia,117573043,20000000,2007,PG-13,104,Thriller,Contemporary Fiction,68,7
Hot Fuzz,79197493,16000000,2007,R,121,Comedy,Contemporary Fiction,91,8
Lucky You,6521829,55000000,2007,PG-13,122,Drama,Historical Fiction,28,5.9
Spider-Man 3,890871626,258000000,2007,PG-13,139,Adventure,Super Hero,63,6.4
Georgia Rule,20819601,20000000,2007,R,111,Drama,Contemporary Fiction,17,5.8
Pirates of the Caribbean: At World's End,960996492,300000000,2007,PG-13,167,Adventure,Fantasy,45,7
Knocked Up,218994109,27500000,2007,R,132,Romantic Comedy,Contemporary Fiction,90,7.5
Ocean's Thirteen,311744465,85000000,2007,PG-13,122,Adventure,Contemporary Fiction,70,6.9
Evan Almighty,173219280,175000000,2007,PG,78,Comedy,Fantasy,23,5.5
A Mighty Heart,18932117,15000000,2007,R,100,Drama,Dramatization,78,6.7
You Kill Me,2426851,4000000,2007,R,92,Black Comedy,Contemporary Fiction,78,6.7
Live Free or Die Hard,383531464,110000000,2007,PG-13,128,Action,Contemporary Fiction,82,7.5
Ratatouille,620495432,150000000,2007,G,111,Comedy,Fantasy,96,8.1
License to Wed,70799818,35000000,2007,PG,90,Romantic Comedy,Contemporary Fiction,7,5.1
Transformers,708272592,151000000,2007,PG-13,140,Action,Science Fiction,57,7.3
Harry Potter and the Order of the Phoenix,938468864,150000000,2007,PG-13,138,Adventure,Fantasy,78,7.4
Hairspray,202823091,75000000,2007,PG,117,Musical,Historical Fiction,91,7.2
I Now Pronounce You Chuck and Larry,185708462,85000000,2007,PG-13,115,Comedy,Contemporary Fiction,14,6.1
Sunshine,32030610,40000000,2007,R,108,Thriller,Science Fiction,74,7.3
The Simpsons Movie,527071022,72500000,2007,PG-13,86,Comedy,Contemporary Fiction,89,7.6
The Bourne Ultimatum,442161562,130000000,2007,PG-13,114,Action,Contemporary Fiction,93,8.2
Rush Hour 3,253025968,180000000,2007,PG-13,91,Action,Contemporary Fiction,19,6
Stardust,135556675,70000000,2007,PG-13,128,Adventure,Fantasy,76,7.9
Death at a Funeral,34743644,20000000,2007,R,90,Comedy,Contemporary Fiction,61,5.1
Superbad,169863226,17500000,2007,R,112,Comedy,Contemporary Fiction,87,7.8
3:10 to Yuma,69791889,48000000,2007,R,117,Western,Historical Fiction,89,7.9
In the Valley of Elah,24489150,23000000,2007,R,120,Drama,Dramatization,73,7.4
Into the Wild,53813837,20000000,2007,R,147,Drama,Contemporary Fiction,82,8.2
Resident Evil: Extinction,146162920,45000000,2007,R,95,Action,Science Fiction,22,6.2
The Game Plan,147914546,22000000,2007,PG,110,Comedy,Contemporary Fiction,27,6.3
The Kingdom,86509602,72500000,2007,R,110,Action,Contemporary Fiction,51,7.1
We Own the Night,54700285,28000000,2007,R,117,Drama,Contemporary Fiction,56,7
Rendition,20437142,27500000,2007,R,121,Thriller,Contemporary Fiction,46,6.9
American Gangster,265697825,100000000,2007,R,157,Drama,Dramatization,79,7.9
Bee Movie,287594577,150000000,2007,PG,90,Comedy,Kids Fiction,51,6.3
Lions for Lambs,63211088,35000000,2007,R,90,Drama,Contemporary Fiction,27,6.2
Beowulf,194995215,150000000,2007,PG-13,115,Adventure,Fantasy,70,6.6
Love in the Time of Cholera,31077418,45000000,2007,R,139,Drama,Historical Fiction,27,6.2
Redacted,65388,5000000,2007,R,90,Drama,Dramatization,44,6.1
Enchanted,340384141,85000000,2007,PG,108,Romantic Comedy,Fantasy,92,7.5
The Mist,54777490,13000000,2007,R,127,Horror,Science Fiction,73,7.4
Juno,230327671,7000000,2007,PG-13,95,Comedy,Contemporary Fiction,93,7.9
Atonement,129425746,30000000,2007,R,130,Drama,Contemporary Fiction,83,7.9
Alvin and the Chipmunks,360578644,55000000,2007,PG,92,Comedy,Kids Fiction,27,5.5
The Kite Runner,73222245,20000000,2007,PG-13,122,Drama,Contemporary Fiction,66,7.8
I am Legend,585055701,150000000,2007,PG-13,100,Horror,Science Fiction,69,7.1
The Great Debaters,30226144,15000000,2007,PG-13,130,Drama,Dramatization,79,7.6
Welcome Home Roscoe Jenkins,43607627,27500000,2008,PG-13,114,Comedy,Contemporary Fiction,23,4.5
88 Minutes,32955399,30000000,2008,R,106,Thriller,Contemporary Fiction,5,5.9
The Forbidden Kingdom,129075270,55000000,2008,PG-13,105,Action,Fantasy,64,6.7
Iron Man,582604126,186000000,2008,PG-13,126,Action,Super Hero,94,7.9
The Happening,163403799,60000000,2008,R,89,Thriller,Science Fiction,18,5.2
The Incredible Hulk,263349257,137500000,2008,PG-13,112,Adventure,Super Hero,66,7.1
WALL-E,532743103,180000000,2008,G,97,Comedy,Kids Fiction,96,8.5
Wanted,340934768,75000000,2008,R,110,Action,Science Fiction,71,6.4
The Dark Knight,1022345358,185000000,2008,PG-13,152,Action,Super Hero,93,8.9
The Mummy: Tomb of the Dragon Emperor,397912118,175000000,2008,PG-13,111,Adventure,Fantasy,13,5.1
Tropic Thunder,188163455,90000000,2008,R,106,Comedy,Contemporary Fiction,83,7.2
The Rocker,8767338,15000000,2008,PG-13,102,Comedy,Contemporary Fiction,40,6.3
Death Race,72516819,65000000,2008,R,105,Action,Science Fiction,41,6.6
The House Bunny,70237389,25000000,2008,PG-13,98,Comedy,Contemporary Fiction,39,5.5
Babylon A.D.,70216497,45000000,2008,PG-13,100,Action,Science Fiction,7,5.3
Disaster Movie,34690901,20000000,2008,PG-13,88,Comedy,Contemporary Fiction,2,1.7
Bangkok Dangerous,46598133,45000000,2008,R,98,Action,Contemporary Fiction,9,5.4
Righteous Kill,76781410,60000000,2008,R,100,Thriller,Contemporary Fiction,20,6
Ghost Town,26612350,20000000,2008,PG-13,102,Romantic Comedy,Fantasy,85,4.7
Lakeview Terrace,44263506,20000000,2008,PG-13,106,Thriller,Contemporary Fiction,46,6.3
My Best Friend's Girl,34787111,20000000,2008,R,103,Comedy,Contemporary Fiction,15,5.8
Eagle Eye,178066569,80000000,2008,PG-13,117,Thriller,Contemporary Fiction,27,6.6
Fireproof,33451479,500000,2008,PG,122,Drama,Contemporary Fiction,40,5.6
Religulous,13136074,2500000,2008,R,101,Documentary,Factual,69,7.8
An American Carol,7013191,20000000,2008,PG-13,84,Comedy,Fantasy,12,4.5
Nick and Norah's Infinite Playlist,31487293,10000000,2008,PG-13,90,Drama,Contemporary Fiction,73,6.8
Rachel Getting Married,13326280,12000000,2008,R,111,Drama,Contemporary Fiction,86,6.9
Body of Lies,108394666,67500000,2008,R,129,Thriller,Contemporary Fiction,52,7.2
City of Ember,11817059,38000000,2008,PG,94,Adventure,Fantasy,53,6.4
Zack and Miri Make a Porno,36851125,24000000,2008,R,101,Comedy,Contemporary Fiction,65,7
Slumdog Millionaire,365257315,14000000,2008,R,116,Drama,Contemporary Fiction,94,8.3
Twilight,396439854,37000000,2008,PG-13,120,Drama,Fantasy,50,6.1
Frost/Nixon,28144586,29000000,2008,R,122,Drama,Dramatization,92,7.9
The Reader,106107610,33000000,2008,R,123,Drama,Contemporary Fiction,61,7.7
The Wrestler,43236603,6000000,2008,R,109,Drama,Contemporary Fiction,98,8.2
The Tale of Despereaux,88717945,60000000,2008,G,93,Adventure,Kids Fiction,55,6.1
Yes Man,225990976,50000000,2008,PG-13,104,Comedy,Contemporary Fiction,43,7
The Curious Case of Benjamin Button,329809326,160000000,2008,PG-13,167,Drama,Fantasy,72,8
Valkyrie,198686497,75000000,2008,PG-13,120,Thriller,Dramatization,61,7.3
Paul Blart: Mall Cop,180449670,26000000,2009,PG,91,Comedy,Contemporary Fiction,35,5.3
Inkheart,58051454,60000000,2009,PG,105,Adventure,Fantasy,40,6.1
Knowing,187858642,50000000,2009,PG-13,121,Thriller,Contemporary Fiction,32,6.4
12 Rounds,18184083,20000000,2009,PG-13,108,Action,Contemporary Fiction,28,5.4
Monsters vs. Aliens,381687380,175000000,2009,PG,95,Adventure,Fantasy,72,6.8
State of Play,91445389,60000000,2009,PG-13,127,Thriller,Contemporary Fiction,84,7.3
Dance Flick,32092761,25000000,2009,PG-13,83,Comedy,Contemporary Fiction,17,3.4
Drag Me To Hell,85724728,30000000,2009,PG-13,99,Horror,Fantasy,92,7.1
Up,731304609,175000000,2009,PG,96,Adventure,Kids Fiction,98,8.4
Away We Go,10108016,21000000,2009,R,98,Comedy,Contemporary Fiction,66,7.3
The Hangover,465132119,35000000,2009,R,99,Comedy,Contemporary Fiction,78,7.9
Land of the Lost,69548641,100000000,2009,PG-13,101,Comedy,Fantasy,26,5.3
Imagine That,16123323,55000000,2009,PG,107,Comedy,Contemporary Fiction,38,5.4
The Proposal,317358031,40000000,2009,PG-13,107,Romantic Comedy,Contemporary Fiction,43,5.4
Year One,57604723,60000000,2009,PG-13,97,Comedy,Historical Fiction,14,5
Transformers: Revenge of the Fallen,836303693,210000000,2009,PG-13,149,Action,Science Fiction,20,6
My Sister's Keeper,89053995,27500000,2009,PG-13,108,Drama,Contemporary Fiction,48,7.4
Harry Potter and the Half-Blood Prince,937499905,250000000,2009,PG,153,Adventure,Fantasy,83,7.3
District 9,206552113,30000000,2009,R,111,Thriller,Science Fiction,91,8.3
Inglourious Basterds,320389438,70000000,2009,R,152,Action,Historical Fiction,88,8.4
Taking Woodstock,10061080,29000000,2009,R,120,Drama,Dramatization,48,6.8
Cloudy with a Chance of Meatballs,139525862,100000000,2009,PG,90,Comedy,Kids Fiction,86,7.2
Paranormal Activity,193770453,15000,2009,R,85,Horror,Contemporary Fiction,82,6.7
Surrogates,119668350,80000000,2009,PG-13,104,Action,Science Fiction,39,6.3
Zombieland,98690286,23600000,2009,R,87,Comedy,Fantasy,89,7.8
Couples Retreat,172450423,60000000,2009,PG-13,113,Comedy,Contemporary Fiction,12,5.5
The Damned United,4054204,6400000,2009,R,97,Drama,Dramatization,94,7.5
Law Abiding Citizen,113190972,53000000,2009,R,108,Thriller,Contemporary Fiction,25,7.2
Where the Wild Things Are,99123656,100000000,2009,PG,100,Adventure,Fantasy,73,7.2
Saw VI,61259697,11000000,2009,R,91,Horror,Contemporary Fiction,42,6.2
The Men Who Stare at Goats,67348218,24000000,2009,R,93,Black Comedy,Contemporary Fiction,53,6.4
2012,766812167,200000000,2009,PG-13,158,Action,Science Fiction,39,6.2
Me and Orson Welles,1190003,25000000,2009,PG-13,107,Drama,Historical Fiction,84,7.1
The Imaginarium of Doctor Parnassus,58692979,30000000,2009,PG-13,122,Adventure,Fantasy,64,7.1
The City of Your Final Destination,493296,8300000,2010,PG-13,114,Drama,Contemporary Fiction,40,6.6
Robin Hood,310885538,210000000,2010,PG-13,140,Action,Historical Fiction,43,6.9
Inception,753830280,160000000,2010,PG-13,147,Thriller,Science Fiction,87,9.1
Scott Pilgrim vs. The World,43149143,85000000,2010,PG-13,112,Comedy,Contemporary Fiction,81,8.1
The Town,33180607,37000000,2010,R,123,Drama,Contemporary Fiction,84,8.7
